event_slug,game_id,team_rows
championship_split2,08aa514feeced6e2700f5f1d30e31930,20
championship_split2,0a8f9e177d1ad8c72a7c9bc35d424b17,20
championship_split2,15b3af1b53a1efe9b7de824d0c8359dd,20
championship_split2,1919ee01dfa7a9f8a0761e31d38abce6,20
championship_split2,1975b23578215c901869999cc7e191b8,20
championship_split2,1a8fc6dc5d432072799bdc9461f6f137,20
championship_split2,1aeaec94906577a0700501eeeeda8dc6,20
championship_split2,1aef58b6dd370abf463aff49fa2db113,20
championship_split2,20000762e874f3c64eaa2f3d3adcedc0,20
championship_split2,27846e64ef6b95d939f73daaf24bccc2,20
championship_split2,29de396a22d298d1ac338c2beae1c6e9,20
championship_split2,2fd4662ae572b23186a460ea15433e35,20
championship_split2,3347a03bc149a736ea39582fffb2d6cc,20
championship_split2,38cfd7134ffd6cac722f8712519cd793,20
championship_split2,3a3ff25c28990c001f263a5211cb3fb6,20
championship_split2,3efddbcd0312cf67b223d7daa4c8e6fe,20
championship_split2,3f9b82d30a1d6f3c9f31ecdd2722caa6,20
championship_split2,432376b187d37d271022434ba8ce73a8,20
championship_split2,446499e04861f74ce0ca0f816b2a73ab,20
championship_split2,46256146833b536d73e017eb78bbeb87,20
championship_split2,4f457d5a6eb80194675c6f6a06f7eb3b,20
championship_split2,51a4959e61c778dc3f2de2c612b89041,20
championship_split2,5470dd75560021da890cfd3f40012165,20
championship_split2,5e95e681bad467845c3c97761c48d45a,20
championship_split2,60f62796650afdfd272c61ffab60858b,20
championship_split2,611faa1c3ade3871fc2e15dc72ab4534,20
championship_split2,61836d560fe92404cb8c6deca00a4b50,20
championship_split2,61930f07ff06819323fecae2ce370745,20
championship_split2,62ba8cb3b750321cb7320742d1e359ba,20
championship_split2,67d928da9d66f1f2af210ef45caa532e,20
championship_split2,6d09499ab0504bf733dbb1609efa8122,20
championship_split2,71c5c8216a099030a4bdd35c4dd554a4,20
championship_split2,773304cd834f1add9dd291a56c2425c1,20
championship_split2,77b3a5077b34a60f8af502f9ae04fac8,20
championship_split2,854332f5ab2f326831817ba754a33762,20
championship_split2,8582606428dd495085b61cdbf172f3e6,20
championship_split2,90b5a3acf39d75b568b3eb5cfcd09b99,20
championship_split2,959c495d02d59c002ef327f42171349c,20
championship_split2,96fbd7f8bccc9607f29ee1295f4506de,20
championship_split2,9d93524307ff6fd6e3d05529f33b4e06,20
championship_split2,a08cd3beab5d3843d00dee4b104b6ac9,20
championship_split2,a1797ee7bf53ec7d9147ff4c1e2121dc,20
championship_split2,a1fc5ffd72964b70d8056428889ead41,20
championship_split2,a21050c58b165cf5e9c7e69614a61b95,20
championship_split2,a63b1ab92f6aa91d94e1b1d2b4e00adc,20
championship_split2,adb5006f49fc805d9b04014822675150,20
championship_split2,b0d1bd61596e13b625341ae4311c052d,20
championship_split2,b38336b83717d221e7076442b54e616c,20
championship_split2,b5c384ad4ce1bf6f6cb254a79b70432d,20
championship_split2,b703bc14e90a1507dfc358252c499c46,20
championship_split2,bc819c38781df5733d5dd2801f710a59,20
championship_split2,bd19433e41355bf44089518248e9eb8f,20
championship_split2,c117cce4ddbdcf72be42b060a12987a7,20
championship_split2,c77bea1584c333efde7e6f4024c5f832,20
championship_split2,cb7e29e9533624758bde65cc722f74e1,20
championship_split2,cf04a9060204c33ddc105bc55d172526,20
championship_split2,d2baea01ef77003fa80b2e41788a3da8,20
championship_split2,d42ac286adf281ab62665b0f48c0ffc7,20
championship_split2,d4d43c27ce745949ce8d2139aac591b5,20
championship_split2,d5a8375044e0f849168cbf3adb30ac2c,20
championship_split2,d99dff44bcf752b4095a53be15e678b6,20
championship_split2,dbfbca8914ff0e128268444bf2f84dae,20
championship_split2,e45ccacbc95fbc8b55fcdee2830edeef,20
championship_split2,e4fa7a344aee5ed7080e9b6b0b34eeb8,20
championship_split2,e8aae35f000c3e3afd7896c56b858672,20
championship_split2,f042069dec0efd9f39f85cb8eb97eec7,20
championship_split2,f2ece1548c01981e6f6179e42f325c32,20
championship_split2,f9f25d09fa3c20d1428b2e2836027bfe,20
championship_split2,fcb75e159e92046e2da9213407f736ec,20
midseason_ewc_split1,020ce14ab661dfbf2460b1c2022f344f,20
midseason_ewc_split1,062103851589fe2d336c803eca804d2b,20
midseason_ewc_split1,06f15898f6f5daf51a82e69683fa7aa1,20
midseason_ewc_split1,09125579fb033849bb42e2c31cafd1fc,20
midseason_ewc_split1,092045e0455d0a72d64a8effdb0e8f5c,20
midseason_ewc_split1,0a0d4255674cbcb0221f28ff63fb15ed,20
midseason_ewc_split1,1affff70a7c11dc59d72d8fce075405a,20
midseason_ewc_split1,1e5e3ecf2cfe3692fa563ddf4b6fd626,20
midseason_ewc_split1,2aa6aee36e26712f48c7389a60a89571,20
midseason_ewc_split1,35e659bf50e8f22d1bc040697117c978,20
midseason_ewc_split1,37f2277437a21e770c5765d98819e078,20
midseason_ewc_split1,3f8153bc005bd1e590b7238f0217fa74,20
midseason_ewc_split1,42656f28617fc0e239cc1248c9d81627,20
midseason_ewc_split1,43492be9f54ba00cc2c947a0ea8a1649,20
midseason_ewc_split1,4c1d2235d5e48ebdadfc97dd6beeaeca,20
midseason_ewc_split1,518306dba23e30fad1c68e5b8fc96993,20
midseason_ewc_split1,598b6b3aff951f84cf998a70b2f595c5,20
midseason_ewc_split1,6222816c506ae116d265a92079a71722,20
midseason_ewc_split1,63f5dae98f4f71d77e656c80dea0ae59,20
midseason_ewc_split1,698bc6a7c5a8a16be8ed706e23469532,20
midseason_ewc_split1,6a50270864307bf3078783013a76b432,20
midseason_ewc_split1,6a621a7e5d3c66e1e9a75d2dc0e85816,20
midseason_ewc_split1,7368aa9d33e15a1c8bf26a9941304ebe,20
midseason_ewc_split1,7dfb4bd45895fbff1ec8b825bfde966e,20
midseason_ewc_split1,88e1e7c1632fe20dc94f1d805b35c5bb,20
midseason_ewc_split1,88e4671f52eb8644d274e25a37c92e89,20
midseason_ewc_split1,8d256aec30188b3471c0ea64698764e4,20
midseason_ewc_split1,9947695356b96bc2a4db7c72e763ebf8,20
midseason_ewc_split1,9ba8e8c991c9dc0df80f9d343bf5673c,20
midseason_ewc_split1,a412ac3b0de09d21c6a288720bad95c5,20
midseason_ewc_split1,a4d59b0bbf0c6e481c6aa042e8fb1950,20
midseason_ewc_split1,a7ce3993da6bb07e144d61f334743af6,20
midseason_ewc_split1,b5c15efe1aa5d73ecada2d5cd09877b0,20
midseason_ewc_split1,be3b28e757945ba5172321cb0c5dd1f5,20
midseason_ewc_split1,c375a98726541ba3eabf4d95be5dc7b7,20
midseason_ewc_split1,c9057390ea7a7ae7f04e99d6358b11de,20
midseason_ewc_split1,d0ec5c936b1063fc0e1926920430b300,20
midseason_ewc_split1,d1d037cc1504745fce7525b6d0a9c6ef,20
midseason_ewc_split1,e02915d37939c8f18ff9c23de4054000,20
midseason_ewc_split1,e02915d37939c8f18ff9c23de4054dd2,20
midseason_ewc_split1,e6e4d38d8d7697dbbda00da29753e72f,20
midseason_ewc_split1,efbc9b9327466e764caae77279917f9e,20
midseason_ewc_split1,f429788b7cf734e5566f7df313773efc,20
playoffs_split1,070ed66d538a0c27ab124da0cb3652f6,20
playoffs_split1,0b2808f46ef192416601f7b0bb3b5123,20
playoffs_split1,0ef3ec6319ef6e1561feb7096c2f5bef,20
playoffs_split1,15b89b400bd62d758a262916a77aca5d,20
playoffs_split1,1768492f6177178c0f820513b8400e77,20
playoffs_split1,1a5775973410d10dcb1b65ff91dde6d6,20
playoffs_split1,20c45f5244b387cf57826093aaca141b,20
playoffs_split1,21c427a9a350639009e1df3e7c40857a,20
playoffs_split1,22883cfb52f91821259ccb142baa4e77,20
playoffs_split1,23716f9c78f60d5c0ffaa7efb4b7bb98,20
playoffs_split1,257081c63b3e968ca1f53b68084d7b45,20
playoffs_split1,26a5f497a2ee98fd785bbbf56c43189d,20
playoffs_split1,2cb28ec726a4db13e5cb3df238b70a07,20
playoffs_split1,2e68347dda46910685df17425d3da15e,20
playoffs_split1,2ea712db3c1833549c763a81af5c0ac1,20
playoffs_split1,32491f22131a367c62a0c727704cbc85,20
playoffs_split1,34500799285bff8675912db8a4f4d765,20
playoffs_split1,3a6d0ba8b38b77226d0dbb3fd423defb,20
playoffs_split1,404c273255fa25c5cc8b5c4ec2a77613,20
playoffs_split1,426f720c317b62fd1dfbbd1658f874ba,20
playoffs_split1,44e0ccf0faa2d8cfc8e535f43eba6878,20
playoffs_split1,49e5286ae3f0eeeb1ec3ab426a97843b,20
playoffs_split1,52dd387d9d52ec001940a8c175437335,20
playoffs_split1,55179bfa4b2b44f62ce1b324f0e384e5,20
playoffs_split1,574fac10fc3bc60b78e8333d05933876,20
playoffs_split1,587ddd6d293203ae16ce44958d7418e7,20
playoffs_split1,5c807aa118775d3e9d5cda810ac98d5e,20
playoffs_split1,60a2696c4d67a5838dce0a6d723f4aca,20
playoffs_split1,644c8ec78231035b0c41d8a1de9c4a27,20
playoffs_split1,666f82f8c25fbfa804def75afdf5ab7a,20
playoffs_split1,681503e51cdeb07d91036f639b1989ac,20
playoffs_split1,6c09947e631313635b38200dd2dee76c,20
playoffs_split1,6d211519e7efd27f1e427880786b56ae,20
playoffs_split1,71ecab877b29514cb78bb0ac13b446a9,20
playoffs_split1,7581a23b2497504afb90fd6780dfd56b,20
playoffs_split1,76cb94a8211c3a0d35ae071a73d01144,20
playoffs_split1,79329199f08f160ecfc40deb8a5325ab,20
playoffs_split1,7a7d5f4217ee69a94ea250b74b0f5777,20
playoffs_split1,8aba1f3d51379381c7980ba801f1fee8,20
playoffs_split1,9def6396d610799f8d5af453dd8aebfc,20
playoffs_split1,9ff4d4a2fcf78c6fd85f1e89fbbe74df,20
playoffs_split1,ad548a579c107555c8a0fe3f750068cd,20
playoffs_split1,b62b35ac64339fac0c3884dc11a51a6c,20
playoffs_split1,b67f895a8a68e87842b3dc30860f0d60,20
playoffs_split1,b935e55db3a07cf65f7d62448dacb8a3,20
playoffs_split1,bdf1ff30c460fe0b123058cd8aff56c6,20
playoffs_split1,bf8884db762499d7b2b60ff61fb32a40,20
playoffs_split1,c7407d2bafe18e142c8b13627e46e0be,20
playoffs_split1,cb7cc7a3e0ef7a1a7ed051803ba87e58,20
playoffs_split1,cb809251d2cf744346f7fdbd42e4c6df,20
playoffs_split1,cda9394a052bf7225b7e41d935dbd641,20
playoffs_split1,ce828921662811ef1a3b3528c431d08d,20
playoffs_split1,d9a4c229b31837cac2033216ba955879,20
playoffs_split1,dd70e5d4edcdf4ff052b44a3923199a3,20
playoffs_split1,e324cc3ff8320c6287c58daba424baea,20
playoffs_split1,ee55457bbf0e1e207fd7d9f865cb3719,20
playoffs_split1,f1c203a2292263e20293bd288202b5b3,20
playoffs_split1,f1d7a87f3b090b9bec8b408c43bb8214,20
playoffs_split1,f3bda6de85e8aa884bbb1c5c8734ef76,20
playoffs_split1,f41f2816be64ec813f9b263e19eed905,20
playoffs_split1,f59a2d3f2ae6f35f5c7ee3d953321c03,20
playoffs_split1,fa55aec6c52b4f25eb47efd5a58a2f6c,20
playoffs_split2,01fc49af74473da1609b7569a66e8e66,20
playoffs_split2,05542ba24da000e315920fbf9b058717,20
playoffs_split2,05c0ae752bf73ac7c9c25627632cb813,20
playoffs_split2,09e9acd966284f9c82e5de8050b0d783,20
playoffs_split2,0c3ef259f70dcb9866e35b5b171f3eae,20
playoffs_split2,0cf62b2688614083d5fbad66a0d3406c,20
playoffs_split2,15d3c342772b7cbff858e8069566186b,20
playoffs_split2,16f1993e38e3978c4265c644a16331a6,20
playoffs_split2,1764d66cac0d2f34eb4883b70504757d,20
playoffs_split2,19f54fbfdf5924a92d6922107de344d4,20
playoffs_split2,26d36b9398e3ad85e5b5fe09e1bf47c9,20
playoffs_split2,275e184bc5140025802488077fc1df1e,20
playoffs_split2,2d1a672d5ac57f70dc86f1df5c4f1adc,20
playoffs_split2,2eb300f0980cead7be55211819be7939,20
playoffs_split2,33cabe80da75b2a309a08e3e1fc775c6,20
playoffs_split2,34ed3a86afbb32903b7ba7d630d99473,20
playoffs_split2,413a41086828b1d5e7e0b2abcb42eed8,20
playoffs_split2,41ee6f522fb17eb8605ce47d4adb8883,20
playoffs_split2,43690bdcfda972bc0dacf58dbc86de60,20
playoffs_split2,43690bdcfda972bc0dacf58dbc86de61,20
playoffs_split2,4bfd142fc369e4e7736d3167c9eaea8a,20
playoffs_split2,4fa747301a8fc06c079f1767bee830f4,20
playoffs_split2,584ac0b907c3776a5d469b32ba778be5,20
playoffs_split2,5bc265e64750021b1831786c74a8a330,20
playoffs_split2,5ecc425684c64023c642044dd43b0ab2,20
playoffs_split2,7014acc3af308cd9db884d890f93a06d,20
playoffs_split2,735d09cf93f9b42a90c6d8965bf4a4fd,20
playoffs_split2,7e39274b7b5b27dfb343b11e9fb865da,20
playoffs_split2,8122288c0f5c26ad4b73bcdae2d9cd28,20
playoffs_split2,81754abb0503eb06311a3bbafa25f08d,20
playoffs_split2,83b1bc1985ec518f9fa7032711c83d5a,20
playoffs_split2,8b4ceeb5adcfca91a75a8f1b9797be21,20
playoffs_split2,8e1b900772a23f5acb722434e5693373,20
playoffs_split2,939c15e589c7a6687d120215835c6a12,20
playoffs_split2,96d9bbc5517920b7b2687901b0fa9aae,20
playoffs_split2,986f3a13be407dbcc40920c364a264c6,20
playoffs_split2,990603ebc9edc198ba4a2fc250f8e5f8,20
playoffs_split2,9f1e8b0725d9c2993843addaa4f9c063,20
playoffs_split2,a40fb6613ef1063a9479adb3852bca2c,20
playoffs_split2,a60e525e9fab7c91c2d45c8035e39f47,20
playoffs_split2,b3b35297421630842200bf7e68aaa4b0,20
playoffs_split2,b3c848959709aea3195f56387c0305be,20
playoffs_split2,b5df0cc1f03521b8c2564a71cce0c86a,20
playoffs_split2,b88d16beacd6cd337fd52cecf97f5fe9,20
playoffs_split2,bb7acdeef2903fc4b67ad52f2144701b,20
playoffs_split2,bbe91322df6dc782231cc645d3964492,20
playoffs_split2,bf4cbae94db64a0b6c017e9a39a85b05,20
playoffs_split2,bf5e31b88c974a124d635d20f7cb1d5c,20
playoffs_split2,c197aa04f143902cc5c6b6a54f964c0a,20
playoffs_split2,c2aa3ef50e53b415701b9ecc1969f26d,20
playoffs_split2,c4240a1a47a447b0211fe890126be2d8,20
playoffs_split2,c923666269b3cec7fa1f450d34db80ff,20
playoffs_split2,cc59dfd797138b087c12247858de9fe4,20
playoffs_split2,d339d70a6632f4cadd8f847510752998,20
playoffs_split2,d8d3e3af42ea6076f99c2f153645a499,20
playoffs_split2,df24d0569352e6fc01e7f946858a93c6,20
playoffs_split2,e40d569f968e209ca241360f0b56c3d1,20
playoffs_split2,ec98a2ff483a41af7c7ff633642913ed,20
playoffs_split2,ed7652f7430f69ca0efbdc7e448614cb,20
playoffs_split2,f36bb9c443f279cc147060bcf6427e96,20
playoffs_split2,f37fe83d56f8474fe379239bd2964815,20
playoffs_split2,f84609efd55ce14512d9c36c26d876f5,20
playoffs_split2,fcd0722e8809f9ec9311870feb1fbbbf,20
playoffs_split2,fd165ca49f1ecc811ccc456c8301d6a9,20
