event_slug,event_name,split,league,region,day,group,stage,game_label,game_number,map_name,game_id,stats_url,replay_url,title
playoffs_split1,ALGS Year 4 Split 1 Playoffs,Y4-Split1,ALGS-Playoffs,Global,Day1,AvB,A vs. B,Game #1,1,Storm Point,404c273255fa25c5cc8b5c4ec2a77613,https://apexlegendsstatus.com/algs/Y4-Split1/ALGS-Playoffs/Global/Day1/AvB/404c273255fa25c5cc8b5c4ec2a77613,https://apexlegendsstatus.com/algs/game/404c273255fa25c5cc8b5c4ec2a77613,A vs. B - Game #1 - Storm Point
playoffs_split1,ALGS Year 4 Split 1 Playoffs,Y4-Split1,ALGS-Playoffs,Global,Day1,AvB,A vs. B,Game #2,2,Storm Point,cb809251d2cf744346f7fdbd42e4c6df,https://apexlegendsstatus.com/algs/Y4-Split1/ALGS-Playoffs/Global/Day1/AvB/cb809251d2cf744346f7fdbd42e4c6df,https://apexlegendsstatus.com/algs/game/cb809251d2cf744346f7fdbd42e4c6df,A vs. B - Game #2 - Storm Point
playoffs_split1,ALGS Year 4 Split 1 Playoffs,Y4-Split1,ALGS-Playoffs,Global,Day1,AvB,A vs. B,Game #3,3,Storm Point,cb7cc7a3e0ef7a1a7ed051803ba87e58,https://apexlegendsstatus.com/algs/Y4-Split1/ALGS-Playoffs/Global/Day1/AvB/cb7cc7a3e0ef7a1a7ed051803ba87e58,https://apexlegendsstatus.com/algs/game/cb7cc7a3e0ef7a1a7ed051803ba87e58,A vs. B - Game #3 - Storm Point
playoffs_split1,ALGS Year 4 Split 1 Playoffs,Y4-Split1,ALGS-Playoffs,Global,Day1,AvB,A vs. B,Game #4,4,World's Edge,b62b35ac64339fac0c3884dc11a51a6c,https://apexlegendsstatus.com/algs/Y4-Split1/ALGS-Playoffs/Global/Day1/AvB/b62b35ac64339fac0c3884dc11a51a6c,https://apexlegendsstatus.com/algs/game/b62b35ac64339fac0c3884dc11a51a6c,A vs. B - Game #4 - World's Edge
playoffs_split1,ALGS Year 4 Split 1 Playoffs,Y4-Split1,ALGS-Playoffs,Global,Day1,AvB,A vs. B,Game #5,5,World's Edge,644c8ec78231035b0c41d8a1de9c4a27,https://apexlegendsstatus.com/algs/Y4-Split1/ALGS-Playoffs/Global/Day1/AvB/644c8ec78231035b0c41d8a1de9c4a27,https://apexlegendsstatus.com/algs/game/644c8ec78231035b0c41d8a1de9c4a27,A vs. B - Game #5 - World's Edge
playoffs_split1,ALGS Year 4 Split 1 Playoffs,Y4-Split1,ALGS-Playoffs,Global,Day1,AvB,A vs. B,Game #6,6,World's Edge,426f720c317b62fd1dfbbd1658f874ba,https://apexlegendsstatus.com/algs/Y4-Split1/ALGS-Playoffs/Global/Day1/AvB/426f720c317b62fd1dfbbd1658f874ba,https://apexlegendsstatus.com/algs/game/426f720c317b62fd1dfbbd1658f874ba,A vs. B - Game #6 - World's Edge
playoffs_split1,ALGS Year 4 Split 1 Playoffs,Y4-Split1,ALGS-Playoffs,Global,Day1,AvD,A vs. D,Game #1,1,Storm Point,44e0ccf0faa2d8cfc8e535f43eba6878,https://apexlegendsstatus.com/algs/Y4-Split1/ALGS-Playoffs/Global/Day1/AvD/44e0ccf0faa2d8cfc8e535f43eba6878,https://apexlegendsstatus.com/algs/game/44e0ccf0faa2d8cfc8e535f43eba6878,A vs. D - Game #1 - Storm Point
playoffs_split1,ALGS Year 4 Split 1 Playoffs,Y4-Split1,ALGS-Playoffs,Global,Day1,AvD,A vs. D,Game #2,2,Storm Point,b935e55db3a07cf65f7d62448dacb8a3,https://apexlegendsstatus.com/algs/Y4-Split1/ALGS-Playoffs/Global/Day1/AvD/b935e55db3a07cf65f7d62448dacb8a3,https://apexlegendsstatus.com/algs/game/b935e55db3a07cf65f7d62448dacb8a3,A vs. D - Game #2 - Storm Point
playoffs_split1,ALGS Year 4 Split 1 Playoffs,Y4-Split1,ALGS-Playoffs,Global,Day1,AvD,A vs. D,Game #3,3,Storm Point,681503e51cdeb07d91036f639b1989ac,https://apexlegendsstatus.com/algs/Y4-Split1/ALGS-Playoffs/Global/Day1/AvD/681503e51cdeb07d91036f639b1989ac,https://apexlegendsstatus.com/algs/game/681503e51cdeb07d91036f639b1989ac,A vs. D - Game #3 - Storm Point
playoffs_split1,ALGS Year 4 Split 1 Playoffs,Y4-Split1,ALGS-Playoffs,Global,Day1,AvD,A vs. D,Game #4,4,World's Edge,cda9394a052bf7225b7e41d935dbd641,https://apexlegendsstatus.com/algs/Y4-Split1/ALGS-Playoffs/Global/Day1/AvD/cda9394a052bf7225b7e41d935dbd641,https://apexlegendsstatus.com/algs/game/cda9394a052bf7225b7e41d935dbd641,A vs. D - Game #4 - World's Edge
playoffs_split1,ALGS Year 4 Split 1 Playoffs,Y4-Split1,ALGS-Playoffs,Global,Day1,AvD,A vs. D,Game #5,5,World's Edge,bdf1ff30c460fe0b123058cd8aff56c6,https://apexlegendsstatus.com/algs/Y4-Split1/ALGS-Playoffs/Global/Day1/AvD/bdf1ff30c460fe0b123058cd8aff56c6,https://apexlegendsstatus.com/algs/game/bdf1ff30c460fe0b123058cd8aff56c6,A vs. D - Game #5 - World's Edge
playoffs_split1,ALGS Year 4 Split 1 Playoffs,Y4-Split1,ALGS-Playoffs,Global,Day1,AvD,A vs. D,Game #6,6,World's Edge,7581a23b2497504afb90fd6780dfd56b,https://apexlegendsstatus.com/algs/Y4-Split1/ALGS-Playoffs/Global/Day1/AvD/7581a23b2497504afb90fd6780dfd56b,https://apexlegendsstatus.com/algs/game/7581a23b2497504afb90fd6780dfd56b,A vs. D - Game #6 - World's Edge
playoffs_split1,ALGS Year 4 Split 1 Playoffs,Y4-Split1,ALGS-Playoffs,Global,Day1,CvD,C vs. D,Game #1,1,Storm Point,257081c63b3e968ca1f53b68084d7b45,https://apexlegendsstatus.com/algs/Y4-Split1/ALGS-Playoffs/Global/Day1/CvD/257081c63b3e968ca1f53b68084d7b45,https://apexlegendsstatus.com/algs/game/257081c63b3e968ca1f53b68084d7b45,C vs. D - Game #1 - Storm Point
playoffs_split1,ALGS Year 4 Split 1 Playoffs,Y4-Split1,ALGS-Playoffs,Global,Day1,CvD,C vs. D,Game #2,2,Storm Point,dd70e5d4edcdf4ff052b44a3923199a3,https://apexlegendsstatus.com/algs/Y4-Split1/ALGS-Playoffs/Global/Day1/CvD/dd70e5d4edcdf4ff052b44a3923199a3,https://apexlegendsstatus.com/algs/game/dd70e5d4edcdf4ff052b44a3923199a3,C vs. D - Game #2 - Storm Point
playoffs_split1,ALGS Year 4 Split 1 Playoffs,Y4-Split1,ALGS-Playoffs,Global,Day1,CvD,C vs. D,Game #3,3,Storm Point,1768492f6177178c0f820513b8400e77,https://apexlegendsstatus.com/algs/Y4-Split1/ALGS-Playoffs/Global/Day1/CvD/1768492f6177178c0f820513b8400e77,https://apexlegendsstatus.com/algs/game/1768492f6177178c0f820513b8400e77,C vs. D - Game #3 - Storm Point
playoffs_split1,ALGS Year 4 Split 1 Playoffs,Y4-Split1,ALGS-Playoffs,Global,Day1,CvD,C vs. D,Game #4,4,World's Edge,5c807aa118775d3e9d5cda810ac98d5e,https://apexlegendsstatus.com/algs/Y4-Split1/ALGS-Playoffs/Global/Day1/CvD/5c807aa118775d3e9d5cda810ac98d5e,https://apexlegendsstatus.com/algs/game/5c807aa118775d3e9d5cda810ac98d5e,C vs. D - Game #4 - World's Edge
playoffs_split1,ALGS Year 4 Split 1 Playoffs,Y4-Split1,ALGS-Playoffs,Global,Day1,CvD,C vs. D,Game #5,5,World's Edge,9ff4d4a2fcf78c6fd85f1e89fbbe74df,https://apexlegendsstatus.com/algs/Y4-Split1/ALGS-Playoffs/Global/Day1/CvD/9ff4d4a2fcf78c6fd85f1e89fbbe74df,https://apexlegendsstatus.com/algs/game/9ff4d4a2fcf78c6fd85f1e89fbbe74df,C vs. D - Game #5 - World's Edge
playoffs_split1,ALGS Year 4 Split 1 Playoffs,Y4-Split1,ALGS-Playoffs,Global,Day1,CvD,C vs. D,Game #6,6,World's Edge,574fac10fc3bc60b78e8333d05933876,https://apexlegendsstatus.com/algs/Y4-Split1/ALGS-Playoffs/Global/Day1/CvD/574fac10fc3bc60b78e8333d05933876,https://apexlegendsstatus.com/algs/game/574fac10fc3bc60b78e8333d05933876,C vs. D - Game #6 - World's Edge
playoffs_split1,ALGS Year 4 Split 1 Playoffs,Y4-Split1,ALGS-Playoffs,Global,Day2,AvC,A vs. C,Game #1,1,World's Edge,bf8884db762499d7b2b60ff61fb32a40,https://apexlegendsstatus.com/algs/Y4-Split1/ALGS-Playoffs/Global/Day2/AvC/bf8884db762499d7b2b60ff61fb32a40,https://apexlegendsstatus.com/algs/game/bf8884db762499d7b2b60ff61fb32a40,A vs. C - Game #1 - World's Edge
playoffs_split1,ALGS Year 4 Split 1 Playoffs,Y4-Split1,ALGS-Playoffs,Global,Day2,AvC,A vs. C,Game #2,2,World's Edge,ce828921662811ef1a3b3528c431d08d,https://apexlegendsstatus.com/algs/Y4-Split1/ALGS-Playoffs/Global/Day2/AvC/ce828921662811ef1a3b3528c431d08d,https://apexlegendsstatus.com/algs/game/ce828921662811ef1a3b3528c431d08d,A vs. C - Game #2 - World's Edge
playoffs_split1,ALGS Year 4 Split 1 Playoffs,Y4-Split1,ALGS-Playoffs,Global,Day2,AvC,A vs. C,Game #3,3,World's Edge,6d211519e7efd27f1e427880786b56ae,https://apexlegendsstatus.com/algs/Y4-Split1/ALGS-Playoffs/Global/Day2/AvC/6d211519e7efd27f1e427880786b56ae,https://apexlegendsstatus.com/algs/game/6d211519e7efd27f1e427880786b56ae,A vs. C - Game #3 - World's Edge
playoffs_split1,ALGS Year 4 Split 1 Playoffs,Y4-Split1,ALGS-Playoffs,Global,Day2,AvC,A vs. C,Game #4,4,Storm Point,fa55aec6c52b4f25eb47efd5a58a2f6c,https://apexlegendsstatus.com/algs/Y4-Split1/ALGS-Playoffs/Global/Day2/AvC/fa55aec6c52b4f25eb47efd5a58a2f6c,https://apexlegendsstatus.com/algs/game/fa55aec6c52b4f25eb47efd5a58a2f6c,A vs. C - Game #4 - Storm Point
playoffs_split1,ALGS Year 4 Split 1 Playoffs,Y4-Split1,ALGS-Playoffs,Global,Day2,AvC,A vs. C,Game #5,5,Storm Point,20c45f5244b387cf57826093aaca141b,https://apexlegendsstatus.com/algs/Y4-Split1/ALGS-Playoffs/Global/Day2/AvC/20c45f5244b387cf57826093aaca141b,https://apexlegendsstatus.com/algs/game/20c45f5244b387cf57826093aaca141b,A vs. C - Game #5 - Storm Point
playoffs_split1,ALGS Year 4 Split 1 Playoffs,Y4-Split1,ALGS-Playoffs,Global,Day2,AvC,A vs. C,Game #6,6,Storm Point,0b2808f46ef192416601f7b0bb3b5123,https://apexlegendsstatus.com/algs/Y4-Split1/ALGS-Playoffs/Global/Day2/AvC/0b2808f46ef192416601f7b0bb3b5123,https://apexlegendsstatus.com/algs/game/0b2808f46ef192416601f7b0bb3b5123,A vs. C - Game #6 - Storm Point
playoffs_split1,ALGS Year 4 Split 1 Playoffs,Y4-Split1,ALGS-Playoffs,Global,Day2,BvC,B vs. C,Game #1,1,Storm Point,1a5775973410d10dcb1b65ff91dde6d6,https://apexlegendsstatus.com/algs/Y4-Split1/ALGS-Playoffs/Global/Day2/BvC/1a5775973410d10dcb1b65ff91dde6d6,https://apexlegendsstatus.com/algs/game/1a5775973410d10dcb1b65ff91dde6d6,B vs. C - Game #1 - Storm Point
playoffs_split1,ALGS Year 4 Split 1 Playoffs,Y4-Split1,ALGS-Playoffs,Global,Day2,BvC,B vs. C,Game #2,2,Storm Point,7a7d5f4217ee69a94ea250b74b0f5777,https://apexlegendsstatus.com/algs/Y4-Split1/ALGS-Playoffs/Global/Day2/BvC/7a7d5f4217ee69a94ea250b74b0f5777,https://apexlegendsstatus.com/algs/game/7a7d5f4217ee69a94ea250b74b0f5777,B vs. C - Game #2 - Storm Point
playoffs_split1,ALGS Year 4 Split 1 Playoffs,Y4-Split1,ALGS-Playoffs,Global,Day2,BvC,B vs. C,Game #3,3,Storm Point,23716f9c78f60d5c0ffaa7efb4b7bb98,https://apexlegendsstatus.com/algs/Y4-Split1/ALGS-Playoffs/Global/Day2/BvC/23716f9c78f60d5c0ffaa7efb4b7bb98,https://apexlegendsstatus.com/algs/game/23716f9c78f60d5c0ffaa7efb4b7bb98,B vs. C - Game #3 - Storm Point
playoffs_split1,ALGS Year 4 Split 1 Playoffs,Y4-Split1,ALGS-Playoffs,Global,Day2,BvC,B vs. C,Game #4,4,World's Edge,22883cfb52f91821259ccb142baa4e77,https://apexlegendsstatus.com/algs/Y4-Split1/ALGS-Playoffs/Global/Day2/BvC/22883cfb52f91821259ccb142baa4e77,https://apexlegendsstatus.com/algs/game/22883cfb52f91821259ccb142baa4e77,B vs. C - Game #4 - World's Edge
playoffs_split1,ALGS Year 4 Split 1 Playoffs,Y4-Split1,ALGS-Playoffs,Global,Day2,BvC,B vs. C,Game #5,5,World's Edge,55179bfa4b2b44f62ce1b324f0e384e5,https://apexlegendsstatus.com/algs/Y4-Split1/ALGS-Playoffs/Global/Day2/BvC/55179bfa4b2b44f62ce1b324f0e384e5,https://apexlegendsstatus.com/algs/game/55179bfa4b2b44f62ce1b324f0e384e5,B vs. C - Game #5 - World's Edge
playoffs_split1,ALGS Year 4 Split 1 Playoffs,Y4-Split1,ALGS-Playoffs,Global,Day2,BvC,B vs. C,Game #6,6,World's Edge,f1c203a2292263e20293bd288202b5b3,https://apexlegendsstatus.com/algs/Y4-Split1/ALGS-Playoffs/Global/Day2/BvC/f1c203a2292263e20293bd288202b5b3,https://apexlegendsstatus.com/algs/game/f1c203a2292263e20293bd288202b5b3,B vs. C - Game #6 - World's Edge
playoffs_split1,ALGS Year 4 Split 1 Playoffs,Y4-Split1,ALGS-Playoffs,Global,Day2,BvD,B vs. D,Game #1,1,World's Edge,8aba1f3d51379381c7980ba801f1fee8,https://apexlegendsstatus.com/algs/Y4-Split1/ALGS-Playoffs/Global/Day2/BvD/8aba1f3d51379381c7980ba801f1fee8,https://apexlegendsstatus.com/algs/game/8aba1f3d51379381c7980ba801f1fee8,B vs. D - Game #1 - World's Edge
playoffs_split1,ALGS Year 4 Split 1 Playoffs,Y4-Split1,ALGS-Playoffs,Global,Day2,BvD,B vs. D,Game #2,2,World's Edge,666f82f8c25fbfa804def75afdf5ab7a,https://apexlegendsstatus.com/algs/Y4-Split1/ALGS-Playoffs/Global/Day2/BvD/666f82f8c25fbfa804def75afdf5ab7a,https://apexlegendsstatus.com/algs/game/666f82f8c25fbfa804def75afdf5ab7a,B vs. D - Game #2 - World's Edge
playoffs_split1,ALGS Year 4 Split 1 Playoffs,Y4-Split1,ALGS-Playoffs,Global,Day2,BvD,B vs. D,Game #3,3,World's Edge,60a2696c4d67a5838dce0a6d723f4aca,https://apexlegendsstatus.com/algs/Y4-Split1/ALGS-Playoffs/Global/Day2/BvD/60a2696c4d67a5838dce0a6d723f4aca,https://apexlegendsstatus.com/algs/game/60a2696c4d67a5838dce0a6d723f4aca,B vs. D - Game #3 - World's Edge
playoffs_split1,ALGS Year 4 Split 1 Playoffs,Y4-Split1,ALGS-Playoffs,Global,Day2,BvD,B vs. D,Game #4,4,Storm Point,79329199f08f160ecfc40deb8a5325ab,https://apexlegendsstatus.com/algs/Y4-Split1/ALGS-Playoffs/Global/Day2/BvD/79329199f08f160ecfc40deb8a5325ab,https://apexlegendsstatus.com/algs/game/79329199f08f160ecfc40deb8a5325ab,B vs. D - Game #4 - Storm Point
playoffs_split1,ALGS Year 4 Split 1 Playoffs,Y4-Split1,ALGS-Playoffs,Global,Day2,BvD,B vs. D,Game #5,5,Storm Point,26a5f497a2ee98fd785bbbf56c43189d,https://apexlegendsstatus.com/algs/Y4-Split1/ALGS-Playoffs/Global/Day2/BvD/26a5f497a2ee98fd785bbbf56c43189d,https://apexlegendsstatus.com/algs/game/26a5f497a2ee98fd785bbbf56c43189d,B vs. D - Game #5 - Storm Point
playoffs_split1,ALGS Year 4 Split 1 Playoffs,Y4-Split1,ALGS-Playoffs,Global,Day2,BvD,B vs. D,Game #6,6,Storm Point,71ecab877b29514cb78bb0ac13b446a9,https://apexlegendsstatus.com/algs/Y4-Split1/ALGS-Playoffs/Global/Day2/BvD/71ecab877b29514cb78bb0ac13b446a9,https://apexlegendsstatus.com/algs/game/71ecab877b29514cb78bb0ac13b446a9,B vs. D - Game #6 - Storm Point
playoffs_split1,ALGS Year 4 Split 1 Playoffs,Y4-Split1,ALGS-Playoffs,Global,Day3,LosersRound1,Losers Round 1,Game #1,1,Storm Point,c7407d2bafe18e142c8b13627e46e0be,https://apexlegendsstatus.com/algs/Y4-Split1/ALGS-Playoffs/Global/Day3/LosersRound1/c7407d2bafe18e142c8b13627e46e0be,https://apexlegendsstatus.com/algs/game/c7407d2bafe18e142c8b13627e46e0be,Losers Round 1 - Game #1 - Storm Point
playoffs_split1,ALGS Year 4 Split 1 Playoffs,Y4-Split1,ALGS-Playoffs,Global,Day3,LosersRound1,Losers Round 1,Game #2,2,Storm Point,15b89b400bd62d758a262916a77aca5d,https://apexlegendsstatus.com/algs/Y4-Split1/ALGS-Playoffs/Global/Day3/LosersRound1/15b89b400bd62d758a262916a77aca5d,https://apexlegendsstatus.com/algs/game/15b89b400bd62d758a262916a77aca5d,Losers Round 1 - Game #2 - Storm Point
playoffs_split1,ALGS Year 4 Split 1 Playoffs,Y4-Split1,ALGS-Playoffs,Global,Day3,LosersRound1,Losers Round 1,Game #3,3,Storm Point,587ddd6d293203ae16ce44958d7418e7,https://apexlegendsstatus.com/algs/Y4-Split1/ALGS-Playoffs/Global/Day3/LosersRound1/587ddd6d293203ae16ce44958d7418e7,https://apexlegendsstatus.com/algs/game/587ddd6d293203ae16ce44958d7418e7,Losers Round 1 - Game #3 - Storm Point
playoffs_split1,ALGS Year 4 Split 1 Playoffs,Y4-Split1,ALGS-Playoffs,Global,Day3,LosersRound1,Losers Round 1,Game #4,4,World's Edge,9def6396d610799f8d5af453dd8aebfc,https://apexlegendsstatus.com/algs/Y4-Split1/ALGS-Playoffs/Global/Day3/LosersRound1/9def6396d610799f8d5af453dd8aebfc,https://apexlegendsstatus.com/algs/game/9def6396d610799f8d5af453dd8aebfc,Losers Round 1 - Game #4 - World's Edge
playoffs_split1,ALGS Year 4 Split 1 Playoffs,Y4-Split1,ALGS-Playoffs,Global,Day3,LosersRound1,Losers Round 1,Game #5,5,World's Edge,ad548a579c107555c8a0fe3f750068cd,https://apexlegendsstatus.com/algs/Y4-Split1/ALGS-Playoffs/Global/Day3/LosersRound1/ad548a579c107555c8a0fe3f750068cd,https://apexlegendsstatus.com/algs/game/ad548a579c107555c8a0fe3f750068cd,Losers Round 1 - Game #5 - World's Edge
playoffs_split1,ALGS Year 4 Split 1 Playoffs,Y4-Split1,ALGS-Playoffs,Global,Day3,LosersRound1,Losers Round 1,Game #6,6,World's Edge,6c09947e631313635b38200dd2dee76c,https://apexlegendsstatus.com/algs/Y4-Split1/ALGS-Playoffs/Global/Day3/LosersRound1/6c09947e631313635b38200dd2dee76c,https://apexlegendsstatus.com/algs/game/6c09947e631313635b38200dd2dee76c,Losers Round 1 - Game #6 - World's Edge
playoffs_split1,ALGS Year 4 Split 1 Playoffs,Y4-Split1,ALGS-Playoffs,Global,Day3,LosersRound2,Losers Round 2,Game #1,1,World's Edge,ee55457bbf0e1e207fd7d9f865cb3719,https://apexlegendsstatus.com/algs/Y4-Split1/ALGS-Playoffs/Global/Day3/LosersRound2/ee55457bbf0e1e207fd7d9f865cb3719,https://apexlegendsstatus.com/algs/game/ee55457bbf0e1e207fd7d9f865cb3719,Losers Round 2 - Game #1 - World's Edge
playoffs_split1,ALGS Year 4 Split 1 Playoffs,Y4-Split1,ALGS-Playoffs,Global,Day3,LosersRound2,Losers Round 2,Game #2,2,World's Edge,52dd387d9d52ec001940a8c175437335,https://apexlegendsstatus.com/algs/Y4-Split1/ALGS-Playoffs/Global/Day3/LosersRound2/52dd387d9d52ec001940a8c175437335,https://apexlegendsstatus.com/algs/game/52dd387d9d52ec001940a8c175437335,Losers Round 2 - Game #2 - World's Edge
playoffs_split1,ALGS Year 4 Split 1 Playoffs,Y4-Split1,ALGS-Playoffs,Global,Day3,LosersRound2,Losers Round 2,Game #3,3,World's Edge,f41f2816be64ec813f9b263e19eed905,https://apexlegendsstatus.com/algs/Y4-Split1/ALGS-Playoffs/Global/Day3/LosersRound2/f41f2816be64ec813f9b263e19eed905,https://apexlegendsstatus.com/algs/game/f41f2816be64ec813f9b263e19eed905,Losers Round 2 - Game #3 - World's Edge
playoffs_split1,ALGS Year 4 Split 1 Playoffs,Y4-Split1,ALGS-Playoffs,Global,Day3,LosersRound2,Losers Round 2,Game #4,4,Storm Point,b67f895a8a68e87842b3dc30860f0d60,https://apexlegendsstatus.com/algs/Y4-Split1/ALGS-Playoffs/Global/Day3/LosersRound2/b67f895a8a68e87842b3dc30860f0d60,https://apexlegendsstatus.com/algs/game/b67f895a8a68e87842b3dc30860f0d60,Losers Round 2 - Game #4 - Storm Point
playoffs_split1,ALGS Year 4 Split 1 Playoffs,Y4-Split1,ALGS-Playoffs,Global,Day3,LosersRound2,Losers Round 2,Game #5,5,Storm Point,f3bda6de85e8aa884bbb1c5c8734ef76,https://apexlegendsstatus.com/algs/Y4-Split1/ALGS-Playoffs/Global/Day3/LosersRound2/f3bda6de85e8aa884bbb1c5c8734ef76,https://apexlegendsstatus.com/algs/game/f3bda6de85e8aa884bbb1c5c8734ef76,Losers Round 2 - Game #5 - Storm Point
playoffs_split1,ALGS Year 4 Split 1 Playoffs,Y4-Split1,ALGS-Playoffs,Global,Day3,LosersRound2,Losers Round 2,Game #6,6,Storm Point,2ea712db3c1833549c763a81af5c0ac1,https://apexlegendsstatus.com/algs/Y4-Split1/ALGS-Playoffs/Global/Day3/LosersRound2/2ea712db3c1833549c763a81af5c0ac1,https://apexlegendsstatus.com/algs/game/2ea712db3c1833549c763a81af5c0ac1,Losers Round 2 - Game #6 - Storm Point
playoffs_split1,ALGS Year 4 Split 1 Playoffs,Y4-Split1,ALGS-Playoffs,Global,Day3,WinnersRound1,Winners Round 1,Game #1,1,Storm Point,f1d7a87f3b090b9bec8b408c43bb8214,https://apexlegendsstatus.com/algs/Y4-Split1/ALGS-Playoffs/Global/Day3/WinnersRound1/f1d7a87f3b090b9bec8b408c43bb8214,https://apexlegendsstatus.com/algs/game/f1d7a87f3b090b9bec8b408c43bb8214,Winners Round 1 - Game #1 - Storm Point
playoffs_split1,ALGS Year 4 Split 1 Playoffs,Y4-Split1,ALGS-Playoffs,Global,Day3,WinnersRound1,Winners Round 1,Game #2,2,Storm Point,d9a4c229b31837cac2033216ba955879,https://apexlegendsstatus.com/algs/Y4-Split1/ALGS-Playoffs/Global/Day3/WinnersRound1/d9a4c229b31837cac2033216ba955879,https://apexlegendsstatus.com/algs/game/d9a4c229b31837cac2033216ba955879,Winners Round 1 - Game #2 - Storm Point
playoffs_split1,ALGS Year 4 Split 1 Playoffs,Y4-Split1,ALGS-Playoffs,Global,Day3,WinnersRound1,Winners Round 1,Game #3,3,Storm Point,070ed66d538a0c27ab124da0cb3652f6,https://apexlegendsstatus.com/algs/Y4-Split1/ALGS-Playoffs/Global/Day3/WinnersRound1/070ed66d538a0c27ab124da0cb3652f6,https://apexlegendsstatus.com/algs/game/070ed66d538a0c27ab124da0cb3652f6,Winners Round 1 - Game #3 - Storm Point
playoffs_split1,ALGS Year 4 Split 1 Playoffs,Y4-Split1,ALGS-Playoffs,Global,Day3,WinnersRound1,Winners Round 1,Game #4,4,World's Edge,21c427a9a350639009e1df3e7c40857a,https://apexlegendsstatus.com/algs/Y4-Split1/ALGS-Playoffs/Global/Day3/WinnersRound1/21c427a9a350639009e1df3e7c40857a,https://apexlegendsstatus.com/algs/game/21c427a9a350639009e1df3e7c40857a,Winners Round 1 - Game #4 - World's Edge
playoffs_split1,ALGS Year 4 Split 1 Playoffs,Y4-Split1,ALGS-Playoffs,Global,Day3,WinnersRound1,Winners Round 1,Game #5,5,World's Edge,76cb94a8211c3a0d35ae071a73d01144,https://apexlegendsstatus.com/algs/Y4-Split1/ALGS-Playoffs/Global/Day3/WinnersRound1/76cb94a8211c3a0d35ae071a73d01144,https://apexlegendsstatus.com/algs/game/76cb94a8211c3a0d35ae071a73d01144,Winners Round 1 - Game #5 - World's Edge
playoffs_split1,ALGS Year 4 Split 1 Playoffs,Y4-Split1,ALGS-Playoffs,Global,Day3,WinnersRound1,Winners Round 1,Game #6,6,World's Edge,34500799285bff8675912db8a4f4d765,https://apexlegendsstatus.com/algs/Y4-Split1/ALGS-Playoffs/Global/Day3/WinnersRound1/34500799285bff8675912db8a4f4d765,https://apexlegendsstatus.com/algs/game/34500799285bff8675912db8a4f4d765,Winners Round 1 - Game #6 - World's Edge
playoffs_split1,ALGS Year 4 Split 1 Playoffs,Y4-Split1,ALGS-Playoffs,Global,Finals,Finals,Finals,Game #1,1,Storm Point,e324cc3ff8320c6287c58daba424baea,https://apexlegendsstatus.com/algs/Y4-Split1/ALGS-Playoffs/Global/Finals/Finals/e324cc3ff8320c6287c58daba424baea,https://apexlegendsstatus.com/algs/game/e324cc3ff8320c6287c58daba424baea,Finals - Game #1 - Storm Point
playoffs_split1,ALGS Year 4 Split 1 Playoffs,Y4-Split1,ALGS-Playoffs,Global,Finals,Finals,Finals,Game #2,2,Storm Point,0ef3ec6319ef6e1561feb7096c2f5bef,https://apexlegendsstatus.com/algs/Y4-Split1/ALGS-Playoffs/Global/Finals/Finals/0ef3ec6319ef6e1561feb7096c2f5bef,https://apexlegendsstatus.com/algs/game/0ef3ec6319ef6e1561feb7096c2f5bef,Finals - Game #2 - Storm Point
playoffs_split1,ALGS Year 4 Split 1 Playoffs,Y4-Split1,ALGS-Playoffs,Global,Finals,Finals,Finals,Game #3,3,World's Edge,2e68347dda46910685df17425d3da15e,https://apexlegendsstatus.com/algs/Y4-Split1/ALGS-Playoffs/Global/Finals/Finals/2e68347dda46910685df17425d3da15e,https://apexlegendsstatus.com/algs/game/2e68347dda46910685df17425d3da15e,Finals - Game #3 - World's Edge
playoffs_split1,ALGS Year 4 Split 1 Playoffs,Y4-Split1,ALGS-Playoffs,Global,Finals,Finals,Finals,Game #4,4,World's Edge,32491f22131a367c62a0c727704cbc85,https://apexlegendsstatus.com/algs/Y4-Split1/ALGS-Playoffs/Global/Finals/Finals/32491f22131a367c62a0c727704cbc85,https://apexlegendsstatus.com/algs/game/32491f22131a367c62a0c727704cbc85,Finals - Game #4 - World's Edge
playoffs_split1,ALGS Year 4 Split 1 Playoffs,Y4-Split1,ALGS-Playoffs,Global,Finals,Finals,Finals,Game #5,5,Storm Point,3a6d0ba8b38b77226d0dbb3fd423defb,https://apexlegendsstatus.com/algs/Y4-Split1/ALGS-Playoffs/Global/Finals/Finals/3a6d0ba8b38b77226d0dbb3fd423defb,https://apexlegendsstatus.com/algs/game/3a6d0ba8b38b77226d0dbb3fd423defb,Finals - Game #5 - Storm Point
playoffs_split1,ALGS Year 4 Split 1 Playoffs,Y4-Split1,ALGS-Playoffs,Global,Finals,Finals,Finals,Game #6,6,Storm Point,49e5286ae3f0eeeb1ec3ab426a97843b,https://apexlegendsstatus.com/algs/Y4-Split1/ALGS-Playoffs/Global/Finals/Finals/49e5286ae3f0eeeb1ec3ab426a97843b,https://apexlegendsstatus.com/algs/game/49e5286ae3f0eeeb1ec3ab426a97843b,Finals - Game #6 - Storm Point
playoffs_split1,ALGS Year 4 Split 1 Playoffs,Y4-Split1,ALGS-Playoffs,Global,Finals,Finals,Finals,Game #7,7,World's Edge,2cb28ec726a4db13e5cb3df238b70a07,https://apexlegendsstatus.com/algs/Y4-Split1/ALGS-Playoffs/Global/Finals/Finals/2cb28ec726a4db13e5cb3df238b70a07,https://apexlegendsstatus.com/algs/game/2cb28ec726a4db13e5cb3df238b70a07,Finals - Game #7 - World's Edge
playoffs_split1,ALGS Year 4 Split 1 Playoffs,Y4-Split1,ALGS-Playoffs,Global,Finals,Finals,Finals,Game #8,8,World's Edge,f59a2d3f2ae6f35f5c7ee3d953321c03,https://apexlegendsstatus.com/algs/Y4-Split1/ALGS-Playoffs/Global/Finals/Finals/f59a2d3f2ae6f35f5c7ee3d953321c03,https://apexlegendsstatus.com/algs/game/f59a2d3f2ae6f35f5c7ee3d953321c03,Finals - Game #8 - World's Edge
midseason_ewc_split1,ALGS Year 4 Midseason Playoffs / EWC,Y4-Split1,EWC,Global,Day1,A,A,Game #1,1,Storm Point,06f15898f6f5daf51a82e69683fa7aa1,https://apexlegendsstatus.com/algs/Y4-Split1/EWC/Global/Day1/A/06f15898f6f5daf51a82e69683fa7aa1,https://apexlegendsstatus.com/algs/game/06f15898f6f5daf51a82e69683fa7aa1,A - Game #1 - Storm Point
midseason_ewc_split1,ALGS Year 4 Midseason Playoffs / EWC,Y4-Split1,EWC,Global,Day1,A,A,Game #2,2,Storm Point,e02915d37939c8f18ff9c23de4054dd2,https://apexlegendsstatus.com/algs/Y4-Split1/EWC/Global/Day1/A/e02915d37939c8f18ff9c23de4054dd2,https://apexlegendsstatus.com/algs/game/e02915d37939c8f18ff9c23de4054dd2,A - Game #2 - Storm Point
midseason_ewc_split1,ALGS Year 4 Midseason Playoffs / EWC,Y4-Split1,EWC,Global,Day1,A,A,Game #3,3,World's Edge,e02915d37939c8f18ff9c23de4054000,https://apexlegendsstatus.com/algs/Y4-Split1/EWC/Global/Day1/A/e02915d37939c8f18ff9c23de4054000,https://apexlegendsstatus.com/algs/game/e02915d37939c8f18ff9c23de4054000,A - Game #3 - World's Edge
midseason_ewc_split1,ALGS Year 4 Midseason Playoffs / EWC,Y4-Split1,EWC,Global,Day1,A,A,Game #4,4,World's Edge,a412ac3b0de09d21c6a288720bad95c5,https://apexlegendsstatus.com/algs/Y4-Split1/EWC/Global/Day1/A/a412ac3b0de09d21c6a288720bad95c5,https://apexlegendsstatus.com/algs/game/a412ac3b0de09d21c6a288720bad95c5,A - Game #4 - World's Edge
midseason_ewc_split1,ALGS Year 4 Midseason Playoffs / EWC,Y4-Split1,EWC,Global,Day1,A,A,Game #5,5,Kings Canyon,020ce14ab661dfbf2460b1c2022f344f,https://apexlegendsstatus.com/algs/Y4-Split1/EWC/Global/Day1/A/020ce14ab661dfbf2460b1c2022f344f,https://apexlegendsstatus.com/algs/game/020ce14ab661dfbf2460b1c2022f344f,A - Game #5 - Kings Canyon
midseason_ewc_split1,ALGS Year 4 Midseason Playoffs / EWC,Y4-Split1,EWC,Global,Day1,A,A,Game #6,6,Broken Moon,9947695356b96bc2a4db7c72e763ebf8,https://apexlegendsstatus.com/algs/Y4-Split1/EWC/Global/Day1/A/9947695356b96bc2a4db7c72e763ebf8,https://apexlegendsstatus.com/algs/game/9947695356b96bc2a4db7c72e763ebf8,A - Game #6 - Broken Moon
midseason_ewc_split1,ALGS Year 4 Midseason Playoffs / EWC,Y4-Split1,EWC,Global,Day1,A,A,Game #7,7,World's Edge,88e4671f52eb8644d274e25a37c92e89,https://apexlegendsstatus.com/algs/Y4-Split1/EWC/Global/Day1/A/88e4671f52eb8644d274e25a37c92e89,https://apexlegendsstatus.com/algs/game/88e4671f52eb8644d274e25a37c92e89,A - Game #7 - World's Edge
midseason_ewc_split1,ALGS Year 4 Midseason Playoffs / EWC,Y4-Split1,EWC,Global,Day1,A,A,Game #8,8,World's Edge,6222816c506ae116d265a92079a71722,https://apexlegendsstatus.com/algs/Y4-Split1/EWC/Global/Day1/A/6222816c506ae116d265a92079a71722,https://apexlegendsstatus.com/algs/game/6222816c506ae116d265a92079a71722,A - Game #8 - World's Edge
midseason_ewc_split1,ALGS Year 4 Midseason Playoffs / EWC,Y4-Split1,EWC,Global,Day1,A,A,Game #9,9,Storm Point,35e659bf50e8f22d1bc040697117c978,https://apexlegendsstatus.com/algs/Y4-Split1/EWC/Global/Day1/A/35e659bf50e8f22d1bc040697117c978,https://apexlegendsstatus.com/algs/game/35e659bf50e8f22d1bc040697117c978,A - Game #9 - Storm Point
midseason_ewc_split1,ALGS Year 4 Midseason Playoffs / EWC,Y4-Split1,EWC,Global,Day1,A,A,Game #10,10,Storm Point,37f2277437a21e770c5765d98819e078,https://apexlegendsstatus.com/algs/Y4-Split1/EWC/Global/Day1/A/37f2277437a21e770c5765d98819e078,https://apexlegendsstatus.com/algs/game/37f2277437a21e770c5765d98819e078,A - Game #10 - Storm Point
midseason_ewc_split1,ALGS Year 4 Midseason Playoffs / EWC,Y4-Split1,EWC,Global,Day2,B,B,Game #1,1,Storm Point,8d256aec30188b3471c0ea64698764e4,https://apexlegendsstatus.com/algs/Y4-Split1/EWC/Global/Day2/B/8d256aec30188b3471c0ea64698764e4,https://apexlegendsstatus.com/algs/game/8d256aec30188b3471c0ea64698764e4,B - Game #1 - Storm Point
midseason_ewc_split1,ALGS Year 4 Midseason Playoffs / EWC,Y4-Split1,EWC,Global,Day2,B,B,Game #2,2,Storm Point,09125579fb033849bb42e2c31cafd1fc,https://apexlegendsstatus.com/algs/Y4-Split1/EWC/Global/Day2/B/09125579fb033849bb42e2c31cafd1fc,https://apexlegendsstatus.com/algs/game/09125579fb033849bb42e2c31cafd1fc,B - Game #2 - Storm Point
midseason_ewc_split1,ALGS Year 4 Midseason Playoffs / EWC,Y4-Split1,EWC,Global,Day2,B,B,Game #3,3,World's Edge,062103851589fe2d336c803eca804d2b,https://apexlegendsstatus.com/algs/Y4-Split1/EWC/Global/Day2/B/062103851589fe2d336c803eca804d2b,https://apexlegendsstatus.com/algs/game/062103851589fe2d336c803eca804d2b,B - Game #3 - World's Edge
midseason_ewc_split1,ALGS Year 4 Midseason Playoffs / EWC,Y4-Split1,EWC,Global,Day2,B,B,Game #4,4,World's Edge,63f5dae98f4f71d77e656c80dea0ae59,https://apexlegendsstatus.com/algs/Y4-Split1/EWC/Global/Day2/B/63f5dae98f4f71d77e656c80dea0ae59,https://apexlegendsstatus.com/algs/game/63f5dae98f4f71d77e656c80dea0ae59,B - Game #4 - World's Edge
midseason_ewc_split1,ALGS Year 4 Midseason Playoffs / EWC,Y4-Split1,EWC,Global,Day2,B,B,Game #5,5,Olympus,0a0d4255674cbcb0221f28ff63fb15ed,https://apexlegendsstatus.com/algs/Y4-Split1/EWC/Global/Day2/B/0a0d4255674cbcb0221f28ff63fb15ed,https://apexlegendsstatus.com/algs/game/0a0d4255674cbcb0221f28ff63fb15ed,B - Game #5 - Olympus
midseason_ewc_split1,ALGS Year 4 Midseason Playoffs / EWC,Y4-Split1,EWC,Global,Day2,B,B,Game #6,6,Broken Moon,43492be9f54ba00cc2c947a0ea8a1649,https://apexlegendsstatus.com/algs/Y4-Split1/EWC/Global/Day2/B/43492be9f54ba00cc2c947a0ea8a1649,https://apexlegendsstatus.com/algs/game/43492be9f54ba00cc2c947a0ea8a1649,B - Game #6 - Broken Moon
midseason_ewc_split1,ALGS Year 4 Midseason Playoffs / EWC,Y4-Split1,EWC,Global,Day2,B,B,Game #7,7,World's Edge,3f8153bc005bd1e590b7238f0217fa74,https://apexlegendsstatus.com/algs/Y4-Split1/EWC/Global/Day2/B/3f8153bc005bd1e590b7238f0217fa74,https://apexlegendsstatus.com/algs/game/3f8153bc005bd1e590b7238f0217fa74,B - Game #7 - World's Edge
midseason_ewc_split1,ALGS Year 4 Midseason Playoffs / EWC,Y4-Split1,EWC,Global,Day2,B,B,Game #8,8,World's Edge,c375a98726541ba3eabf4d95be5dc7b7,https://apexlegendsstatus.com/algs/Y4-Split1/EWC/Global/Day2/B/c375a98726541ba3eabf4d95be5dc7b7,https://apexlegendsstatus.com/algs/game/c375a98726541ba3eabf4d95be5dc7b7,B - Game #8 - World's Edge
midseason_ewc_split1,ALGS Year 4 Midseason Playoffs / EWC,Y4-Split1,EWC,Global,Day2,B,B,Game #9,9,Storm Point,6a50270864307bf3078783013a76b432,https://apexlegendsstatus.com/algs/Y4-Split1/EWC/Global/Day2/B/6a50270864307bf3078783013a76b432,https://apexlegendsstatus.com/algs/game/6a50270864307bf3078783013a76b432,B - Game #9 - Storm Point
midseason_ewc_split1,ALGS Year 4 Midseason Playoffs / EWC,Y4-Split1,EWC,Global,Day2,B,B,Game #10,10,Storm Point,9ba8e8c991c9dc0df80f9d343bf5673c,https://apexlegendsstatus.com/algs/Y4-Split1/EWC/Global/Day2/B/9ba8e8c991c9dc0df80f9d343bf5673c,https://apexlegendsstatus.com/algs/game/9ba8e8c991c9dc0df80f9d343bf5673c,B - Game #10 - Storm Point
midseason_ewc_split1,ALGS Year 4 Midseason Playoffs / EWC,Y4-Split1,EWC,Global,Day3,LastChance,LastChance,Game #1,1,World's Edge,c9057390ea7a7ae7f04e99d6358b11de,https://apexlegendsstatus.com/algs/Y4-Split1/EWC/Global/Day3/LastChance/c9057390ea7a7ae7f04e99d6358b11de,https://apexlegendsstatus.com/algs/game/c9057390ea7a7ae7f04e99d6358b11de,LastChance - Game #1 - World's Edge
midseason_ewc_split1,ALGS Year 4 Midseason Playoffs / EWC,Y4-Split1,EWC,Global,Day3,LastChance,LastChance,Game #2,2,World's Edge,1affff70a7c11dc59d72d8fce075405a,https://apexlegendsstatus.com/algs/Y4-Split1/EWC/Global/Day3/LastChance/1affff70a7c11dc59d72d8fce075405a,https://apexlegendsstatus.com/algs/game/1affff70a7c11dc59d72d8fce075405a,LastChance - Game #2 - World's Edge
midseason_ewc_split1,ALGS Year 4 Midseason Playoffs / EWC,Y4-Split1,EWC,Global,Day3,LastChance,LastChance,Game #3,3,Storm Point,efbc9b9327466e764caae77279917f9e,https://apexlegendsstatus.com/algs/Y4-Split1/EWC/Global/Day3/LastChance/efbc9b9327466e764caae77279917f9e,https://apexlegendsstatus.com/algs/game/efbc9b9327466e764caae77279917f9e,LastChance - Game #3 - Storm Point
midseason_ewc_split1,ALGS Year 4 Midseason Playoffs / EWC,Y4-Split1,EWC,Global,Day3,LastChance,LastChance,Game #4,4,Storm Point,092045e0455d0a72d64a8effdb0e8f5c,https://apexlegendsstatus.com/algs/Y4-Split1/EWC/Global/Day3/LastChance/092045e0455d0a72d64a8effdb0e8f5c,https://apexlegendsstatus.com/algs/game/092045e0455d0a72d64a8effdb0e8f5c,LastChance - Game #4 - Storm Point
midseason_ewc_split1,ALGS Year 4 Midseason Playoffs / EWC,Y4-Split1,EWC,Global,Day3,LastChance,LastChance,Game #5,5,Olympus,698bc6a7c5a8a16be8ed706e23469532,https://apexlegendsstatus.com/algs/Y4-Split1/EWC/Global/Day3/LastChance/698bc6a7c5a8a16be8ed706e23469532,https://apexlegendsstatus.com/algs/game/698bc6a7c5a8a16be8ed706e23469532,LastChance - Game #5 - Olympus
midseason_ewc_split1,ALGS Year 4 Midseason Playoffs / EWC,Y4-Split1,EWC,Global,Day3,LastChance,LastChance,Game #6,6,Kings Canyon,518306dba23e30fad1c68e5b8fc96993,https://apexlegendsstatus.com/algs/Y4-Split1/EWC/Global/Day3/LastChance/518306dba23e30fad1c68e5b8fc96993,https://apexlegendsstatus.com/algs/game/518306dba23e30fad1c68e5b8fc96993,LastChance - Game #6 - Kings Canyon
midseason_ewc_split1,ALGS Year 4 Midseason Playoffs / EWC,Y4-Split1,EWC,Global,Day3,LastChance,LastChance,Game #7,7,Storm Point,598b6b3aff951f84cf998a70b2f595c5,https://apexlegendsstatus.com/algs/Y4-Split1/EWC/Global/Day3/LastChance/598b6b3aff951f84cf998a70b2f595c5,https://apexlegendsstatus.com/algs/game/598b6b3aff951f84cf998a70b2f595c5,LastChance - Game #7 - Storm Point
midseason_ewc_split1,ALGS Year 4 Midseason Playoffs / EWC,Y4-Split1,EWC,Global,Day3,LastChance,LastChance,Game #8,8,Storm Point,7dfb4bd45895fbff1ec8b825bfde966e,https://apexlegendsstatus.com/algs/Y4-Split1/EWC/Global/Day3/LastChance/7dfb4bd45895fbff1ec8b825bfde966e,https://apexlegendsstatus.com/algs/game/7dfb4bd45895fbff1ec8b825bfde966e,LastChance - Game #8 - Storm Point
midseason_ewc_split1,ALGS Year 4 Midseason Playoffs / EWC,Y4-Split1,EWC,Global,Day3,LastChance,LastChance,Game #9,9,World's Edge,f429788b7cf734e5566f7df313773efc,https://apexlegendsstatus.com/algs/Y4-Split1/EWC/Global/Day3/LastChance/f429788b7cf734e5566f7df313773efc,https://apexlegendsstatus.com/algs/game/f429788b7cf734e5566f7df313773efc,LastChance - Game #9 - World's Edge
midseason_ewc_split1,ALGS Year 4 Midseason Playoffs / EWC,Y4-Split1,EWC,Global,Day3,LastChance,LastChance,Game #10,10,World's Edge,d0ec5c936b1063fc0e1926920430b300,https://apexlegendsstatus.com/algs/Y4-Split1/EWC/Global/Day3/LastChance/d0ec5c936b1063fc0e1926920430b300,https://apexlegendsstatus.com/algs/game/d0ec5c936b1063fc0e1926920430b300,LastChance - Game #10 - World's Edge
midseason_ewc_split1,ALGS Year 4 Midseason Playoffs / EWC,Y4-Split1,EWC,Global,Day4,Finals,Finals,Game #1,1,World's Edge,d1d037cc1504745fce7525b6d0a9c6ef,https://apexlegendsstatus.com/algs/Y4-Split1/EWC/Global/Day4/Finals/d1d037cc1504745fce7525b6d0a9c6ef,https://apexlegendsstatus.com/algs/game/d1d037cc1504745fce7525b6d0a9c6ef,Finals - Game #1 - World's Edge
midseason_ewc_split1,ALGS Year 4 Midseason Playoffs / EWC,Y4-Split1,EWC,Global,Day4,Finals,Finals,Game #2,2,Storm Point,a7ce3993da6bb07e144d61f334743af6,https://apexlegendsstatus.com/algs/Y4-Split1/EWC/Global/Day4/Finals/a7ce3993da6bb07e144d61f334743af6,https://apexlegendsstatus.com/algs/game/a7ce3993da6bb07e144d61f334743af6,Finals - Game #2 - Storm Point
midseason_ewc_split1,ALGS Year 4 Midseason Playoffs / EWC,Y4-Split1,EWC,Global,Day4,Finals,Finals,Game #3,3,World's Edge,2aa6aee36e26712f48c7389a60a89571,https://apexlegendsstatus.com/algs/Y4-Split1/EWC/Global/Day4/Finals/2aa6aee36e26712f48c7389a60a89571,https://apexlegendsstatus.com/algs/game/2aa6aee36e26712f48c7389a60a89571,Finals - Game #3 - World's Edge
midseason_ewc_split1,ALGS Year 4 Midseason Playoffs / EWC,Y4-Split1,EWC,Global,Day4,Finals,Finals,Game #4,4,Storm Point,4c1d2235d5e48ebdadfc97dd6beeaeca,https://apexlegendsstatus.com/algs/Y4-Split1/EWC/Global/Day4/Finals/4c1d2235d5e48ebdadfc97dd6beeaeca,https://apexlegendsstatus.com/algs/game/4c1d2235d5e48ebdadfc97dd6beeaeca,Finals - Game #4 - Storm Point
midseason_ewc_split1,ALGS Year 4 Midseason Playoffs / EWC,Y4-Split1,EWC,Global,Day4,Finals,Finals,Game #5,5,World's Edge,88e1e7c1632fe20dc94f1d805b35c5bb,https://apexlegendsstatus.com/algs/Y4-Split1/EWC/Global/Day4/Finals/88e1e7c1632fe20dc94f1d805b35c5bb,https://apexlegendsstatus.com/algs/game/88e1e7c1632fe20dc94f1d805b35c5bb,Finals - Game #5 - World's Edge
midseason_ewc_split1,ALGS Year 4 Midseason Playoffs / EWC,Y4-Split1,EWC,Global,Day4,Finals,Finals,Game #6,6,Storm Point,1e5e3ecf2cfe3692fa563ddf4b6fd626,https://apexlegendsstatus.com/algs/Y4-Split1/EWC/Global/Day4/Finals/1e5e3ecf2cfe3692fa563ddf4b6fd626,https://apexlegendsstatus.com/algs/game/1e5e3ecf2cfe3692fa563ddf4b6fd626,Finals - Game #6 - Storm Point
midseason_ewc_split1,ALGS Year 4 Midseason Playoffs / EWC,Y4-Split1,EWC,Global,Day4,Finals,Finals,Game #7,7,World's Edge,b5c15efe1aa5d73ecada2d5cd09877b0,https://apexlegendsstatus.com/algs/Y4-Split1/EWC/Global/Day4/Finals/b5c15efe1aa5d73ecada2d5cd09877b0,https://apexlegendsstatus.com/algs/game/b5c15efe1aa5d73ecada2d5cd09877b0,Finals - Game #7 - World's Edge
midseason_ewc_split1,ALGS Year 4 Midseason Playoffs / EWC,Y4-Split1,EWC,Global,Day4,Finals,Finals,Game #8,8,Storm Point,be3b28e757945ba5172321cb0c5dd1f5,https://apexlegendsstatus.com/algs/Y4-Split1/EWC/Global/Day4/Finals/be3b28e757945ba5172321cb0c5dd1f5,https://apexlegendsstatus.com/algs/game/be3b28e757945ba5172321cb0c5dd1f5,Finals - Game #8 - Storm Point
midseason_ewc_split1,ALGS Year 4 Midseason Playoffs / EWC,Y4-Split1,EWC,Global,Day4,Finals,Finals,Game #9,9,World's Edge,e6e4d38d8d7697dbbda00da29753e72f,https://apexlegendsstatus.com/algs/Y4-Split1/EWC/Global/Day4/Finals/e6e4d38d8d7697dbbda00da29753e72f,https://apexlegendsstatus.com/algs/game/e6e4d38d8d7697dbbda00da29753e72f,Finals - Game #9 - World's Edge
midseason_ewc_split1,ALGS Year 4 Midseason Playoffs / EWC,Y4-Split1,EWC,Global,Day4,Finals,Finals,Game #10,10,Storm Point,a4d59b0bbf0c6e481c6aa042e8fb1950,https://apexlegendsstatus.com/algs/Y4-Split1/EWC/Global/Day4/Finals/a4d59b0bbf0c6e481c6aa042e8fb1950,https://apexlegendsstatus.com/algs/game/a4d59b0bbf0c6e481c6aa042e8fb1950,Finals - Game #10 - Storm Point
midseason_ewc_split1,ALGS Year 4 Midseason Playoffs / EWC,Y4-Split1,EWC,Global,Day4,Finals,Finals,Game #11,11,World's Edge,7368aa9d33e15a1c8bf26a9941304ebe,https://apexlegendsstatus.com/algs/Y4-Split1/EWC/Global/Day4/Finals/7368aa9d33e15a1c8bf26a9941304ebe,https://apexlegendsstatus.com/algs/game/7368aa9d33e15a1c8bf26a9941304ebe,Finals - Game #11 - World's Edge
midseason_ewc_split1,ALGS Year 4 Midseason Playoffs / EWC,Y4-Split1,EWC,Global,Day4,Finals,Finals,Game #12,12,Storm Point,6a621a7e5d3c66e1e9a75d2dc0e85816,https://apexlegendsstatus.com/algs/Y4-Split1/EWC/Global/Day4/Finals/6a621a7e5d3c66e1e9a75d2dc0e85816,https://apexlegendsstatus.com/algs/game/6a621a7e5d3c66e1e9a75d2dc0e85816,Finals - Game #12 - Storm Point
midseason_ewc_split1,ALGS Year 4 Midseason Playoffs / EWC,Y4-Split1,EWC,Global,Day4,Finals,Finals,Game #13,13,World's Edge,42656f28617fc0e239cc1248c9d81627,https://apexlegendsstatus.com/algs/Y4-Split1/EWC/Global/Day4/Finals/42656f28617fc0e239cc1248c9d81627,https://apexlegendsstatus.com/algs/game/42656f28617fc0e239cc1248c9d81627,Finals - Game #13 - World's Edge
playoffs_split2,ALGS Year 4 Split 2 Playoffs,Y4-Split2,ALGS-Playoffs,Global,Day1,AvB,A vs. B,Game #1,1,World's Edge,4bfd142fc369e4e7736d3167c9eaea8a,https://apexlegendsstatus.com/algs/Y4-Split2/ALGS-Playoffs/Global/Day1/AvB/4bfd142fc369e4e7736d3167c9eaea8a,https://apexlegendsstatus.com/algs/game/4bfd142fc369e4e7736d3167c9eaea8a,A vs. B - Game #1 - World's Edge
playoffs_split2,ALGS Year 4 Split 2 Playoffs,Y4-Split2,ALGS-Playoffs,Global,Day1,AvB,A vs. B,Game #2,2,World's Edge,7e39274b7b5b27dfb343b11e9fb865da,https://apexlegendsstatus.com/algs/Y4-Split2/ALGS-Playoffs/Global/Day1/AvB/7e39274b7b5b27dfb343b11e9fb865da,https://apexlegendsstatus.com/algs/game/7e39274b7b5b27dfb343b11e9fb865da,A vs. B - Game #2 - World's Edge
playoffs_split2,ALGS Year 4 Split 2 Playoffs,Y4-Split2,ALGS-Playoffs,Global,Day1,AvB,A vs. B,Game #3,3,World's Edge,bf5e31b88c974a124d635d20f7cb1d5c,https://apexlegendsstatus.com/algs/Y4-Split2/ALGS-Playoffs/Global/Day1/AvB/bf5e31b88c974a124d635d20f7cb1d5c,https://apexlegendsstatus.com/algs/game/bf5e31b88c974a124d635d20f7cb1d5c,A vs. B - Game #3 - World's Edge
playoffs_split2,ALGS Year 4 Split 2 Playoffs,Y4-Split2,ALGS-Playoffs,Global,Day1,AvB,A vs. B,Game #4,4,Storm Point,09e9acd966284f9c82e5de8050b0d783,https://apexlegendsstatus.com/algs/Y4-Split2/ALGS-Playoffs/Global/Day1/AvB/09e9acd966284f9c82e5de8050b0d783,https://apexlegendsstatus.com/algs/game/09e9acd966284f9c82e5de8050b0d783,A vs. B - Game #4 - Storm Point
playoffs_split2,ALGS Year 4 Split 2 Playoffs,Y4-Split2,ALGS-Playoffs,Global,Day1,AvB,A vs. B,Game #5,5,Storm Point,a60e525e9fab7c91c2d45c8035e39f47,https://apexlegendsstatus.com/algs/Y4-Split2/ALGS-Playoffs/Global/Day1/AvB/a60e525e9fab7c91c2d45c8035e39f47,https://apexlegendsstatus.com/algs/game/a60e525e9fab7c91c2d45c8035e39f47,A vs. B - Game #5 - Storm Point
playoffs_split2,ALGS Year 4 Split 2 Playoffs,Y4-Split2,ALGS-Playoffs,Global,Day1,AvB,A vs. B,Game #6,6,Storm Point,33cabe80da75b2a309a08e3e1fc775c6,https://apexlegendsstatus.com/algs/Y4-Split2/ALGS-Playoffs/Global/Day1/AvB/33cabe80da75b2a309a08e3e1fc775c6,https://apexlegendsstatus.com/algs/game/33cabe80da75b2a309a08e3e1fc775c6,A vs. B - Game #6 - Storm Point
playoffs_split2,ALGS Year 4 Split 2 Playoffs,Y4-Split2,ALGS-Playoffs,Global,Day1,BvD,B vs. D,Game #1,1,World's Edge,bbe91322df6dc782231cc645d3964492,https://apexlegendsstatus.com/algs/Y4-Split2/ALGS-Playoffs/Global/Day1/BvD/bbe91322df6dc782231cc645d3964492,https://apexlegendsstatus.com/algs/game/bbe91322df6dc782231cc645d3964492,B vs. D - Game #1 - World's Edge
playoffs_split2,ALGS Year 4 Split 2 Playoffs,Y4-Split2,ALGS-Playoffs,Global,Day1,BvD,B vs. D,Game #2,2,World's Edge,0cf62b2688614083d5fbad66a0d3406c,https://apexlegendsstatus.com/algs/Y4-Split2/ALGS-Playoffs/Global/Day1/BvD/0cf62b2688614083d5fbad66a0d3406c,https://apexlegendsstatus.com/algs/game/0cf62b2688614083d5fbad66a0d3406c,B vs. D - Game #2 - World's Edge
playoffs_split2,ALGS Year 4 Split 2 Playoffs,Y4-Split2,ALGS-Playoffs,Global,Day1,BvD,B vs. D,Game #3,3,World's Edge,0c3ef259f70dcb9866e35b5b171f3eae,https://apexlegendsstatus.com/algs/Y4-Split2/ALGS-Playoffs/Global/Day1/BvD/0c3ef259f70dcb9866e35b5b171f3eae,https://apexlegendsstatus.com/algs/game/0c3ef259f70dcb9866e35b5b171f3eae,B vs. D - Game #3 - World's Edge
playoffs_split2,ALGS Year 4 Split 2 Playoffs,Y4-Split2,ALGS-Playoffs,Global,Day1,BvD,B vs. D,Game #4,4,Storm Point,4fa747301a8fc06c079f1767bee830f4,https://apexlegendsstatus.com/algs/Y4-Split2/ALGS-Playoffs/Global/Day1/BvD/4fa747301a8fc06c079f1767bee830f4,https://apexlegendsstatus.com/algs/game/4fa747301a8fc06c079f1767bee830f4,B vs. D - Game #4 - Storm Point
playoffs_split2,ALGS Year 4 Split 2 Playoffs,Y4-Split2,ALGS-Playoffs,Global,Day1,BvD,B vs. D,Game #5,5,Storm Point,f84609efd55ce14512d9c36c26d876f5,https://apexlegendsstatus.com/algs/Y4-Split2/ALGS-Playoffs/Global/Day1/BvD/f84609efd55ce14512d9c36c26d876f5,https://apexlegendsstatus.com/algs/game/f84609efd55ce14512d9c36c26d876f5,B vs. D - Game #5 - Storm Point
playoffs_split2,ALGS Year 4 Split 2 Playoffs,Y4-Split2,ALGS-Playoffs,Global,Day1,BvD,B vs. D,Game #6,6,Storm Point,19f54fbfdf5924a92d6922107de344d4,https://apexlegendsstatus.com/algs/Y4-Split2/ALGS-Playoffs/Global/Day1/BvD/19f54fbfdf5924a92d6922107de344d4,https://apexlegendsstatus.com/algs/game/19f54fbfdf5924a92d6922107de344d4,B vs. D - Game #6 - Storm Point
playoffs_split2,ALGS Year 4 Split 2 Playoffs,Y4-Split2,ALGS-Playoffs,Global,Day1,CvD,C vs. D,Game #1,1,World's Edge,9f1e8b0725d9c2993843addaa4f9c063,https://apexlegendsstatus.com/algs/Y4-Split2/ALGS-Playoffs/Global/Day1/CvD/9f1e8b0725d9c2993843addaa4f9c063,https://apexlegendsstatus.com/algs/game/9f1e8b0725d9c2993843addaa4f9c063,C vs. D - Game #1 - World's Edge
playoffs_split2,ALGS Year 4 Split 2 Playoffs,Y4-Split2,ALGS-Playoffs,Global,Day1,CvD,C vs. D,Game #2,2,World's Edge,15d3c342772b7cbff858e8069566186b,https://apexlegendsstatus.com/algs/Y4-Split2/ALGS-Playoffs/Global/Day1/CvD/15d3c342772b7cbff858e8069566186b,https://apexlegendsstatus.com/algs/game/15d3c342772b7cbff858e8069566186b,C vs. D - Game #2 - World's Edge
playoffs_split2,ALGS Year 4 Split 2 Playoffs,Y4-Split2,ALGS-Playoffs,Global,Day1,CvD,C vs. D,Game #3,3,World's Edge,1764d66cac0d2f34eb4883b70504757d,https://apexlegendsstatus.com/algs/Y4-Split2/ALGS-Playoffs/Global/Day1/CvD/1764d66cac0d2f34eb4883b70504757d,https://apexlegendsstatus.com/algs/game/1764d66cac0d2f34eb4883b70504757d,C vs. D - Game #3 - World's Edge
playoffs_split2,ALGS Year 4 Split 2 Playoffs,Y4-Split2,ALGS-Playoffs,Global,Day1,CvD,C vs. D,Game #4,4,Storm Point,413a41086828b1d5e7e0b2abcb42eed8,https://apexlegendsstatus.com/algs/Y4-Split2/ALGS-Playoffs/Global/Day1/CvD/413a41086828b1d5e7e0b2abcb42eed8,https://apexlegendsstatus.com/algs/game/413a41086828b1d5e7e0b2abcb42eed8,C vs. D - Game #4 - Storm Point
playoffs_split2,ALGS Year 4 Split 2 Playoffs,Y4-Split2,ALGS-Playoffs,Global,Day1,CvD,C vs. D,Game #5,5,Storm Point,f36bb9c443f279cc147060bcf6427e96,https://apexlegendsstatus.com/algs/Y4-Split2/ALGS-Playoffs/Global/Day1/CvD/f36bb9c443f279cc147060bcf6427e96,https://apexlegendsstatus.com/algs/game/f36bb9c443f279cc147060bcf6427e96,C vs. D - Game #5 - Storm Point
playoffs_split2,ALGS Year 4 Split 2 Playoffs,Y4-Split2,ALGS-Playoffs,Global,Day1,CvD,C vs. D,Game #6,6,Storm Point,b3b35297421630842200bf7e68aaa4b0,https://apexlegendsstatus.com/algs/Y4-Split2/ALGS-Playoffs/Global/Day1/CvD/b3b35297421630842200bf7e68aaa4b0,https://apexlegendsstatus.com/algs/game/b3b35297421630842200bf7e68aaa4b0,C vs. D - Game #6 - Storm Point
playoffs_split2,ALGS Year 4 Split 2 Playoffs,Y4-Split2,ALGS-Playoffs,Global,Day2,AvC,A vs. C,Game #1,1,World's Edge,01fc49af74473da1609b7569a66e8e66,https://apexlegendsstatus.com/algs/Y4-Split2/ALGS-Playoffs/Global/Day2/AvC/01fc49af74473da1609b7569a66e8e66,https://apexlegendsstatus.com/algs/game/01fc49af74473da1609b7569a66e8e66,A vs. C - Game #1 - World's Edge
playoffs_split2,ALGS Year 4 Split 2 Playoffs,Y4-Split2,ALGS-Playoffs,Global,Day2,AvC,A vs. C,Game #2,2,World's Edge,df24d0569352e6fc01e7f946858a93c6,https://apexlegendsstatus.com/algs/Y4-Split2/ALGS-Playoffs/Global/Day2/AvC/df24d0569352e6fc01e7f946858a93c6,https://apexlegendsstatus.com/algs/game/df24d0569352e6fc01e7f946858a93c6,A vs. C - Game #2 - World's Edge
playoffs_split2,ALGS Year 4 Split 2 Playoffs,Y4-Split2,ALGS-Playoffs,Global,Day2,AvC,A vs. C,Game #3,3,World's Edge,986f3a13be407dbcc40920c364a264c6,https://apexlegendsstatus.com/algs/Y4-Split2/ALGS-Playoffs/Global/Day2/AvC/986f3a13be407dbcc40920c364a264c6,https://apexlegendsstatus.com/algs/game/986f3a13be407dbcc40920c364a264c6,A vs. C - Game #3 - World's Edge
playoffs_split2,ALGS Year 4 Split 2 Playoffs,Y4-Split2,ALGS-Playoffs,Global,Day2,AvC,A vs. C,Game #4,4,Storm Point,fd165ca49f1ecc811ccc456c8301d6a9,https://apexlegendsstatus.com/algs/Y4-Split2/ALGS-Playoffs/Global/Day2/AvC/fd165ca49f1ecc811ccc456c8301d6a9,https://apexlegendsstatus.com/algs/game/fd165ca49f1ecc811ccc456c8301d6a9,A vs. C - Game #4 - Storm Point
playoffs_split2,ALGS Year 4 Split 2 Playoffs,Y4-Split2,ALGS-Playoffs,Global,Day2,AvC,A vs. C,Game #5,5,Storm Point,81754abb0503eb06311a3bbafa25f08d,https://apexlegendsstatus.com/algs/Y4-Split2/ALGS-Playoffs/Global/Day2/AvC/81754abb0503eb06311a3bbafa25f08d,https://apexlegendsstatus.com/algs/game/81754abb0503eb06311a3bbafa25f08d,A vs. C - Game #5 - Storm Point
playoffs_split2,ALGS Year 4 Split 2 Playoffs,Y4-Split2,ALGS-Playoffs,Global,Day2,AvC,A vs. C,Game #6,6,Storm Point,cc59dfd797138b087c12247858de9fe4,https://apexlegendsstatus.com/algs/Y4-Split2/ALGS-Playoffs/Global/Day2/AvC/cc59dfd797138b087c12247858de9fe4,https://apexlegendsstatus.com/algs/game/cc59dfd797138b087c12247858de9fe4,A vs. C - Game #6 - Storm Point
playoffs_split2,ALGS Year 4 Split 2 Playoffs,Y4-Split2,ALGS-Playoffs,Global,Day2,AvD,A vs. D,Game #1,1,Storm Point,8e1b900772a23f5acb722434e5693373,https://apexlegendsstatus.com/algs/Y4-Split2/ALGS-Playoffs/Global/Day2/AvD/8e1b900772a23f5acb722434e5693373,https://apexlegendsstatus.com/algs/game/8e1b900772a23f5acb722434e5693373,A vs. D - Game #1 - Storm Point
playoffs_split2,ALGS Year 4 Split 2 Playoffs,Y4-Split2,ALGS-Playoffs,Global,Day2,AvD,A vs. D,Game #2,2,Storm Point,d8d3e3af42ea6076f99c2f153645a499,https://apexlegendsstatus.com/algs/Y4-Split2/ALGS-Playoffs/Global/Day2/AvD/d8d3e3af42ea6076f99c2f153645a499,https://apexlegendsstatus.com/algs/game/d8d3e3af42ea6076f99c2f153645a499,A vs. D - Game #2 - Storm Point
playoffs_split2,ALGS Year 4 Split 2 Playoffs,Y4-Split2,ALGS-Playoffs,Global,Day2,AvD,A vs. D,Game #3,3,Storm Point,2eb300f0980cead7be55211819be7939,https://apexlegendsstatus.com/algs/Y4-Split2/ALGS-Playoffs/Global/Day2/AvD/2eb300f0980cead7be55211819be7939,https://apexlegendsstatus.com/algs/game/2eb300f0980cead7be55211819be7939,A vs. D - Game #3 - Storm Point
playoffs_split2,ALGS Year 4 Split 2 Playoffs,Y4-Split2,ALGS-Playoffs,Global,Day2,AvD,A vs. D,Game #4,4,World's Edge,735d09cf93f9b42a90c6d8965bf4a4fd,https://apexlegendsstatus.com/algs/Y4-Split2/ALGS-Playoffs/Global/Day2/AvD/735d09cf93f9b42a90c6d8965bf4a4fd,https://apexlegendsstatus.com/algs/game/735d09cf93f9b42a90c6d8965bf4a4fd,A vs. D - Game #4 - World's Edge
playoffs_split2,ALGS Year 4 Split 2 Playoffs,Y4-Split2,ALGS-Playoffs,Global,Day2,AvD,A vs. D,Game #5,5,World's Edge,c197aa04f143902cc5c6b6a54f964c0a,https://apexlegendsstatus.com/algs/Y4-Split2/ALGS-Playoffs/Global/Day2/AvD/c197aa04f143902cc5c6b6a54f964c0a,https://apexlegendsstatus.com/algs/game/c197aa04f143902cc5c6b6a54f964c0a,A vs. D - Game #5 - World's Edge
playoffs_split2,ALGS Year 4 Split 2 Playoffs,Y4-Split2,ALGS-Playoffs,Global,Day2,AvD,A vs. D,Game #6,6,World's Edge,bb7acdeef2903fc4b67ad52f2144701b,https://apexlegendsstatus.com/algs/Y4-Split2/ALGS-Playoffs/Global/Day2/AvD/bb7acdeef2903fc4b67ad52f2144701b,https://apexlegendsstatus.com/algs/game/bb7acdeef2903fc4b67ad52f2144701b,A vs. D - Game #6 - World's Edge
playoffs_split2,ALGS Year 4 Split 2 Playoffs,Y4-Split2,ALGS-Playoffs,Global,Day2,BvC,B vs. C,Game #1,1,Storm Point,16f1993e38e3978c4265c644a16331a6,https://apexlegendsstatus.com/algs/Y4-Split2/ALGS-Playoffs/Global/Day2/BvC/16f1993e38e3978c4265c644a16331a6,https://apexlegendsstatus.com/algs/game/16f1993e38e3978c4265c644a16331a6,B vs. C - Game #1 - Storm Point
playoffs_split2,ALGS Year 4 Split 2 Playoffs,Y4-Split2,ALGS-Playoffs,Global,Day2,BvC,B vs. C,Game #2,2,Storm Point,ec98a2ff483a41af7c7ff633642913ed,https://apexlegendsstatus.com/algs/Y4-Split2/ALGS-Playoffs/Global/Day2/BvC/ec98a2ff483a41af7c7ff633642913ed,https://apexlegendsstatus.com/algs/game/ec98a2ff483a41af7c7ff633642913ed,B vs. C - Game #2 - Storm Point
playoffs_split2,ALGS Year 4 Split 2 Playoffs,Y4-Split2,ALGS-Playoffs,Global,Day2,BvC,B vs. C,Game #3,3,Storm Point,c923666269b3cec7fa1f450d34db80ff,https://apexlegendsstatus.com/algs/Y4-Split2/ALGS-Playoffs/Global/Day2/BvC/c923666269b3cec7fa1f450d34db80ff,https://apexlegendsstatus.com/algs/game/c923666269b3cec7fa1f450d34db80ff,B vs. C - Game #3 - Storm Point
playoffs_split2,ALGS Year 4 Split 2 Playoffs,Y4-Split2,ALGS-Playoffs,Global,Day2,BvC,B vs. C,Game #4,4,World's Edge,a40fb6613ef1063a9479adb3852bca2c,https://apexlegendsstatus.com/algs/Y4-Split2/ALGS-Playoffs/Global/Day2/BvC/a40fb6613ef1063a9479adb3852bca2c,https://apexlegendsstatus.com/algs/game/a40fb6613ef1063a9479adb3852bca2c,B vs. C - Game #4 - World's Edge
playoffs_split2,ALGS Year 4 Split 2 Playoffs,Y4-Split2,ALGS-Playoffs,Global,Day2,BvC,B vs. C,Game #5,5,World's Edge,5bc265e64750021b1831786c74a8a330,https://apexlegendsstatus.com/algs/Y4-Split2/ALGS-Playoffs/Global/Day2/BvC/5bc265e64750021b1831786c74a8a330,https://apexlegendsstatus.com/algs/game/5bc265e64750021b1831786c74a8a330,B vs. C - Game #5 - World's Edge
playoffs_split2,ALGS Year 4 Split 2 Playoffs,Y4-Split2,ALGS-Playoffs,Global,Day2,BvC,B vs. C,Game #6,6,World's Edge,7014acc3af308cd9db884d890f93a06d,https://apexlegendsstatus.com/algs/Y4-Split2/ALGS-Playoffs/Global/Day2/BvC/7014acc3af308cd9db884d890f93a06d,https://apexlegendsstatus.com/algs/game/7014acc3af308cd9db884d890f93a06d,B vs. C - Game #6 - World's Edge
playoffs_split2,ALGS Year 4 Split 2 Playoffs,Y4-Split2,ALGS-Playoffs,Global,Day3,LosersRound1,Losers Round 1,Game #1,1,World's Edge,b5df0cc1f03521b8c2564a71cce0c86a,https://apexlegendsstatus.com/algs/Y4-Split2/ALGS-Playoffs/Global/Day3/LosersRound1/b5df0cc1f03521b8c2564a71cce0c86a,https://apexlegendsstatus.com/algs/game/b5df0cc1f03521b8c2564a71cce0c86a,Losers Round 1 - Game #1 - World's Edge
playoffs_split2,ALGS Year 4 Split 2 Playoffs,Y4-Split2,ALGS-Playoffs,Global,Day3,LosersRound1,Losers Round 1,Game #2,2,World's Edge,34ed3a86afbb32903b7ba7d630d99473,https://apexlegendsstatus.com/algs/Y4-Split2/ALGS-Playoffs/Global/Day3/LosersRound1/34ed3a86afbb32903b7ba7d630d99473,https://apexlegendsstatus.com/algs/game/34ed3a86afbb32903b7ba7d630d99473,Losers Round 1 - Game #2 - World's Edge
playoffs_split2,ALGS Year 4 Split 2 Playoffs,Y4-Split2,ALGS-Playoffs,Global,Day3,LosersRound1,Losers Round 1,Game #3,3,World's Edge,8b4ceeb5adcfca91a75a8f1b9797be21,https://apexlegendsstatus.com/algs/Y4-Split2/ALGS-Playoffs/Global/Day3/LosersRound1/8b4ceeb5adcfca91a75a8f1b9797be21,https://apexlegendsstatus.com/algs/game/8b4ceeb5adcfca91a75a8f1b9797be21,Losers Round 1 - Game #3 - World's Edge
playoffs_split2,ALGS Year 4 Split 2 Playoffs,Y4-Split2,ALGS-Playoffs,Global,Day3,LosersRound1,Losers Round 1,Game #4,4,Storm Point,c4240a1a47a447b0211fe890126be2d8,https://apexlegendsstatus.com/algs/Y4-Split2/ALGS-Playoffs/Global/Day3/LosersRound1/c4240a1a47a447b0211fe890126be2d8,https://apexlegendsstatus.com/algs/game/c4240a1a47a447b0211fe890126be2d8,Losers Round 1 - Game #4 - Storm Point
playoffs_split2,ALGS Year 4 Split 2 Playoffs,Y4-Split2,ALGS-Playoffs,Global,Day3,LosersRound1,Losers Round 1,Game #5,5,Storm Point,939c15e589c7a6687d120215835c6a12,https://apexlegendsstatus.com/algs/Y4-Split2/ALGS-Playoffs/Global/Day3/LosersRound1/939c15e589c7a6687d120215835c6a12,https://apexlegendsstatus.com/algs/game/939c15e589c7a6687d120215835c6a12,Losers Round 1 - Game #5 - Storm Point
playoffs_split2,ALGS Year 4 Split 2 Playoffs,Y4-Split2,ALGS-Playoffs,Global,Day3,LosersRound1,Losers Round 1,Game #6,6,Storm Point,2d1a672d5ac57f70dc86f1df5c4f1adc,https://apexlegendsstatus.com/algs/Y4-Split2/ALGS-Playoffs/Global/Day3/LosersRound1/2d1a672d5ac57f70dc86f1df5c4f1adc,https://apexlegendsstatus.com/algs/game/2d1a672d5ac57f70dc86f1df5c4f1adc,Losers Round 1 - Game #6 - Storm Point
playoffs_split2,ALGS Year 4 Split 2 Playoffs,Y4-Split2,ALGS-Playoffs,Global,Day4,LosersRound2,Losers Round 2,Game #1,1,Storm Point,83b1bc1985ec518f9fa7032711c83d5a,https://apexlegendsstatus.com/algs/Y4-Split2/ALGS-Playoffs/Global/Day4/LosersRound2/83b1bc1985ec518f9fa7032711c83d5a,https://apexlegendsstatus.com/algs/game/83b1bc1985ec518f9fa7032711c83d5a,Losers Round 2 - Game #1 - Storm Point
playoffs_split2,ALGS Year 4 Split 2 Playoffs,Y4-Split2,ALGS-Playoffs,Global,Day4,LosersRound2,Losers Round 2,Game #2,2,Storm Point,fcd0722e8809f9ec9311870feb1fbbbf,https://apexlegendsstatus.com/algs/Y4-Split2/ALGS-Playoffs/Global/Day4/LosersRound2/fcd0722e8809f9ec9311870feb1fbbbf,https://apexlegendsstatus.com/algs/game/fcd0722e8809f9ec9311870feb1fbbbf,Losers Round 2 - Game #2 - Storm Point
playoffs_split2,ALGS Year 4 Split 2 Playoffs,Y4-Split2,ALGS-Playoffs,Global,Day4,LosersRound2,Losers Round 2,Game #3,3,Storm Point,c2aa3ef50e53b415701b9ecc1969f26d,https://apexlegendsstatus.com/algs/Y4-Split2/ALGS-Playoffs/Global/Day4/LosersRound2/c2aa3ef50e53b415701b9ecc1969f26d,https://apexlegendsstatus.com/algs/game/c2aa3ef50e53b415701b9ecc1969f26d,Losers Round 2 - Game #3 - Storm Point
playoffs_split2,ALGS Year 4 Split 2 Playoffs,Y4-Split2,ALGS-Playoffs,Global,Day4,LosersRound2,Losers Round 2,Game #4,4,World's Edge,43690bdcfda972bc0dacf58dbc86de61,https://apexlegendsstatus.com/algs/Y4-Split2/ALGS-Playoffs/Global/Day4/LosersRound2/43690bdcfda972bc0dacf58dbc86de61,https://apexlegendsstatus.com/algs/game/43690bdcfda972bc0dacf58dbc86de61,Losers Round 2 - Game #4 - World's Edge
playoffs_split2,ALGS Year 4 Split 2 Playoffs,Y4-Split2,ALGS-Playoffs,Global,Day4,LosersRound2,Losers Round 2,Game #5,5,World's Edge,43690bdcfda972bc0dacf58dbc86de60,https://apexlegendsstatus.com/algs/Y4-Split2/ALGS-Playoffs/Global/Day4/LosersRound2/43690bdcfda972bc0dacf58dbc86de60,https://apexlegendsstatus.com/algs/game/43690bdcfda972bc0dacf58dbc86de60,Losers Round 2 - Game #5 - World's Edge
playoffs_split2,ALGS Year 4 Split 2 Playoffs,Y4-Split2,ALGS-Playoffs,Global,Day4,LosersRound2,Losers Round 2,Game #6,6,World's Edge,26d36b9398e3ad85e5b5fe09e1bf47c9,https://apexlegendsstatus.com/algs/Y4-Split2/ALGS-Playoffs/Global/Day4/LosersRound2/26d36b9398e3ad85e5b5fe09e1bf47c9,https://apexlegendsstatus.com/algs/game/26d36b9398e3ad85e5b5fe09e1bf47c9,Losers Round 2 - Game #6 - World's Edge
playoffs_split2,ALGS Year 4 Split 2 Playoffs,Y4-Split2,ALGS-Playoffs,Global,Day4,WinnersRound1,Winners Round 1,Game #1,1,World's Edge,e40d569f968e209ca241360f0b56c3d1,https://apexlegendsstatus.com/algs/Y4-Split2/ALGS-Playoffs/Global/Day4/WinnersRound1/e40d569f968e209ca241360f0b56c3d1,https://apexlegendsstatus.com/algs/game/e40d569f968e209ca241360f0b56c3d1,Winners Round 1 - Game #1 - World's Edge
playoffs_split2,ALGS Year 4 Split 2 Playoffs,Y4-Split2,ALGS-Playoffs,Global,Day4,WinnersRound1,Winners Round 1,Game #2,2,World's Edge,b88d16beacd6cd337fd52cecf97f5fe9,https://apexlegendsstatus.com/algs/Y4-Split2/ALGS-Playoffs/Global/Day4/WinnersRound1/b88d16beacd6cd337fd52cecf97f5fe9,https://apexlegendsstatus.com/algs/game/b88d16beacd6cd337fd52cecf97f5fe9,Winners Round 1 - Game #2 - World's Edge
playoffs_split2,ALGS Year 4 Split 2 Playoffs,Y4-Split2,ALGS-Playoffs,Global,Day4,WinnersRound1,Winners Round 1,Game #3,3,World's Edge,d339d70a6632f4cadd8f847510752998,https://apexlegendsstatus.com/algs/Y4-Split2/ALGS-Playoffs/Global/Day4/WinnersRound1/d339d70a6632f4cadd8f847510752998,https://apexlegendsstatus.com/algs/game/d339d70a6632f4cadd8f847510752998,Winners Round 1 - Game #3 - World's Edge
playoffs_split2,ALGS Year 4 Split 2 Playoffs,Y4-Split2,ALGS-Playoffs,Global,Day4,WinnersRound1,Winners Round 1,Game #4,4,Storm Point,275e184bc5140025802488077fc1df1e,https://apexlegendsstatus.com/algs/Y4-Split2/ALGS-Playoffs/Global/Day4/WinnersRound1/275e184bc5140025802488077fc1df1e,https://apexlegendsstatus.com/algs/game/275e184bc5140025802488077fc1df1e,Winners Round 1 - Game #4 - Storm Point
playoffs_split2,ALGS Year 4 Split 2 Playoffs,Y4-Split2,ALGS-Playoffs,Global,Day4,WinnersRound1,Winners Round 1,Game #5,5,Storm Point,ed7652f7430f69ca0efbdc7e448614cb,https://apexlegendsstatus.com/algs/Y4-Split2/ALGS-Playoffs/Global/Day4/WinnersRound1/ed7652f7430f69ca0efbdc7e448614cb,https://apexlegendsstatus.com/algs/game/ed7652f7430f69ca0efbdc7e448614cb,Winners Round 1 - Game #5 - Storm Point
playoffs_split2,ALGS Year 4 Split 2 Playoffs,Y4-Split2,ALGS-Playoffs,Global,Day4,WinnersRound1,Winners Round 1,Game #6,6,Storm Point,8122288c0f5c26ad4b73bcdae2d9cd28,https://apexlegendsstatus.com/algs/Y4-Split2/ALGS-Playoffs/Global/Day4/WinnersRound1/8122288c0f5c26ad4b73bcdae2d9cd28,https://apexlegendsstatus.com/algs/game/8122288c0f5c26ad4b73bcdae2d9cd28,Winners Round 1 - Game #6 - Storm Point
playoffs_split2,ALGS Year 4 Split 2 Playoffs,Y4-Split2,ALGS-Playoffs,Global,Finals,Finals,Finals,Game #1,1,World's Edge,96d9bbc5517920b7b2687901b0fa9aae,https://apexlegendsstatus.com/algs/Y4-Split2/ALGS-Playoffs/Global/Finals/Finals/96d9bbc5517920b7b2687901b0fa9aae,https://apexlegendsstatus.com/algs/game/96d9bbc5517920b7b2687901b0fa9aae,Finals - Game #1 - World's Edge
playoffs_split2,ALGS Year 4 Split 2 Playoffs,Y4-Split2,ALGS-Playoffs,Global,Finals,Finals,Finals,Game #2,2,World's Edge,5ecc425684c64023c642044dd43b0ab2,https://apexlegendsstatus.com/algs/Y4-Split2/ALGS-Playoffs/Global/Finals/Finals/5ecc425684c64023c642044dd43b0ab2,https://apexlegendsstatus.com/algs/game/5ecc425684c64023c642044dd43b0ab2,Finals - Game #2 - World's Edge
playoffs_split2,ALGS Year 4 Split 2 Playoffs,Y4-Split2,ALGS-Playoffs,Global,Finals,Finals,Finals,Game #3,3,Storm Point,990603ebc9edc198ba4a2fc250f8e5f8,https://apexlegendsstatus.com/algs/Y4-Split2/ALGS-Playoffs/Global/Finals/Finals/990603ebc9edc198ba4a2fc250f8e5f8,https://apexlegendsstatus.com/algs/game/990603ebc9edc198ba4a2fc250f8e5f8,Finals - Game #3 - Storm Point
playoffs_split2,ALGS Year 4 Split 2 Playoffs,Y4-Split2,ALGS-Playoffs,Global,Finals,Finals,Finals,Game #4,4,Storm Point,f37fe83d56f8474fe379239bd2964815,https://apexlegendsstatus.com/algs/Y4-Split2/ALGS-Playoffs/Global/Finals/Finals/f37fe83d56f8474fe379239bd2964815,https://apexlegendsstatus.com/algs/game/f37fe83d56f8474fe379239bd2964815,Finals - Game #4 - Storm Point
playoffs_split2,ALGS Year 4 Split 2 Playoffs,Y4-Split2,ALGS-Playoffs,Global,Finals,Finals,Finals,Game #5,5,World's Edge,584ac0b907c3776a5d469b32ba778be5,https://apexlegendsstatus.com/algs/Y4-Split2/ALGS-Playoffs/Global/Finals/Finals/584ac0b907c3776a5d469b32ba778be5,https://apexlegendsstatus.com/algs/game/584ac0b907c3776a5d469b32ba778be5,Finals - Game #5 - World's Edge
playoffs_split2,ALGS Year 4 Split 2 Playoffs,Y4-Split2,ALGS-Playoffs,Global,Finals,Finals,Finals,Game #6,6,World's Edge,05c0ae752bf73ac7c9c25627632cb813,https://apexlegendsstatus.com/algs/Y4-Split2/ALGS-Playoffs/Global/Finals/Finals/05c0ae752bf73ac7c9c25627632cb813,https://apexlegendsstatus.com/algs/game/05c0ae752bf73ac7c9c25627632cb813,Finals - Game #6 - World's Edge
playoffs_split2,ALGS Year 4 Split 2 Playoffs,Y4-Split2,ALGS-Playoffs,Global,Finals,Finals,Finals,Game #7,7,Storm Point,bf4cbae94db64a0b6c017e9a39a85b05,https://apexlegendsstatus.com/algs/Y4-Split2/ALGS-Playoffs/Global/Finals/Finals/bf4cbae94db64a0b6c017e9a39a85b05,https://apexlegendsstatus.com/algs/game/bf4cbae94db64a0b6c017e9a39a85b05,Finals - Game #7 - Storm Point
playoffs_split2,ALGS Year 4 Split 2 Playoffs,Y4-Split2,ALGS-Playoffs,Global,Finals,Finals,Finals,Game #8,8,Storm Point,b3c848959709aea3195f56387c0305be,https://apexlegendsstatus.com/algs/Y4-Split2/ALGS-Playoffs/Global/Finals/Finals/b3c848959709aea3195f56387c0305be,https://apexlegendsstatus.com/algs/game/b3c848959709aea3195f56387c0305be,Finals - Game #8 - Storm Point
playoffs_split2,ALGS Year 4 Split 2 Playoffs,Y4-Split2,ALGS-Playoffs,Global,Finals,Finals,Finals,Game #9,9,World's Edge,41ee6f522fb17eb8605ce47d4adb8883,https://apexlegendsstatus.com/algs/Y4-Split2/ALGS-Playoffs/Global/Finals/Finals/41ee6f522fb17eb8605ce47d4adb8883,https://apexlegendsstatus.com/algs/game/41ee6f522fb17eb8605ce47d4adb8883,Finals - Game #9 - World's Edge
playoffs_split2,ALGS Year 4 Split 2 Playoffs,Y4-Split2,ALGS-Playoffs,Global,Finals,Finals,Finals,Game #10,10,World's Edge,05542ba24da000e315920fbf9b058717,https://apexlegendsstatus.com/algs/Y4-Split2/ALGS-Playoffs/Global/Finals/Finals/05542ba24da000e315920fbf9b058717,https://apexlegendsstatus.com/algs/game/05542ba24da000e315920fbf9b058717,Finals - Game #10 - World's Edge
championship_split2,ALGS Year 4 Championship,Y4-Split2,ALGS-Championships,Global,Day1,AvB,A vs. B,Game #1,1,E-District,b0d1bd61596e13b625341ae4311c052d,https://apexlegendsstatus.com/algs/Y4-Split2/ALGS-Championships/Global/Day1/AvB/b0d1bd61596e13b625341ae4311c052d,https://apexlegendsstatus.com/algs/game/b0d1bd61596e13b625341ae4311c052d,A vs. B - Game #1 - E-District
championship_split2,ALGS Year 4 Championship,Y4-Split2,ALGS-Championships,Global,Day1,AvB,A vs. B,Game #2,2,E-District,d4d43c27ce745949ce8d2139aac591b5,https://apexlegendsstatus.com/algs/Y4-Split2/ALGS-Championships/Global/Day1/AvB/d4d43c27ce745949ce8d2139aac591b5,https://apexlegendsstatus.com/algs/game/d4d43c27ce745949ce8d2139aac591b5,A vs. B - Game #2 - E-District
championship_split2,ALGS Year 4 Championship,Y4-Split2,ALGS-Championships,Global,Day1,AvB,A vs. B,Game #3,3,Storm Point,5470dd75560021da890cfd3f40012165,https://apexlegendsstatus.com/algs/Y4-Split2/ALGS-Championships/Global/Day1/AvB/5470dd75560021da890cfd3f40012165,https://apexlegendsstatus.com/algs/game/5470dd75560021da890cfd3f40012165,A vs. B - Game #3 - Storm Point
championship_split2,ALGS Year 4 Championship,Y4-Split2,ALGS-Championships,Global,Day1,AvB,A vs. B,Game #4,4,Storm Point,f042069dec0efd9f39f85cb8eb97eec7,https://apexlegendsstatus.com/algs/Y4-Split2/ALGS-Championships/Global/Day1/AvB/f042069dec0efd9f39f85cb8eb97eec7,https://apexlegendsstatus.com/algs/game/f042069dec0efd9f39f85cb8eb97eec7,A vs. B - Game #4 - Storm Point
championship_split2,ALGS Year 4 Championship,Y4-Split2,ALGS-Championships,Global,Day1,AvB,A vs. B,Game #5,5,World's Edge,a08cd3beab5d3843d00dee4b104b6ac9,https://apexlegendsstatus.com/algs/Y4-Split2/ALGS-Championships/Global/Day1/AvB/a08cd3beab5d3843d00dee4b104b6ac9,https://apexlegendsstatus.com/algs/game/a08cd3beab5d3843d00dee4b104b6ac9,A vs. B - Game #5 - World's Edge
championship_split2,ALGS Year 4 Championship,Y4-Split2,ALGS-Championships,Global,Day1,AvB,A vs. B,Game #6,6,World's Edge,62ba8cb3b750321cb7320742d1e359ba,https://apexlegendsstatus.com/algs/Y4-Split2/ALGS-Championships/Global/Day1/AvB/62ba8cb3b750321cb7320742d1e359ba,https://apexlegendsstatus.com/algs/game/62ba8cb3b750321cb7320742d1e359ba,A vs. B - Game #6 - World's Edge
championship_split2,ALGS Year 4 Championship,Y4-Split2,ALGS-Championships,Global,Day1,BvD,B vs. D,Game #1,1,Storm Point,a1797ee7bf53ec7d9147ff4c1e2121dc,https://apexlegendsstatus.com/algs/Y4-Split2/ALGS-Championships/Global/Day1/BvD/a1797ee7bf53ec7d9147ff4c1e2121dc,https://apexlegendsstatus.com/algs/game/a1797ee7bf53ec7d9147ff4c1e2121dc,B vs. D - Game #1 - Storm Point
championship_split2,ALGS Year 4 Championship,Y4-Split2,ALGS-Championships,Global,Day1,BvD,B vs. D,Game #2,2,Storm Point,0a8f9e177d1ad8c72a7c9bc35d424b17,https://apexlegendsstatus.com/algs/Y4-Split2/ALGS-Championships/Global/Day1/BvD/0a8f9e177d1ad8c72a7c9bc35d424b17,https://apexlegendsstatus.com/algs/game/0a8f9e177d1ad8c72a7c9bc35d424b17,B vs. D - Game #2 - Storm Point
championship_split2,ALGS Year 4 Championship,Y4-Split2,ALGS-Championships,Global,Day1,BvD,B vs. D,Game #3,3,World's Edge,96fbd7f8bccc9607f29ee1295f4506de,https://apexlegendsstatus.com/algs/Y4-Split2/ALGS-Championships/Global/Day1/BvD/96fbd7f8bccc9607f29ee1295f4506de,https://apexlegendsstatus.com/algs/game/96fbd7f8bccc9607f29ee1295f4506de,B vs. D - Game #3 - World's Edge
championship_split2,ALGS Year 4 Championship,Y4-Split2,ALGS-Championships,Global,Day1,BvD,B vs. D,Game #4,4,World's Edge,27846e64ef6b95d939f73daaf24bccc2,https://apexlegendsstatus.com/algs/Y4-Split2/ALGS-Championships/Global/Day1/BvD/27846e64ef6b95d939f73daaf24bccc2,https://apexlegendsstatus.com/algs/game/27846e64ef6b95d939f73daaf24bccc2,B vs. D - Game #4 - World's Edge
championship_split2,ALGS Year 4 Championship,Y4-Split2,ALGS-Championships,Global,Day1,BvD,B vs. D,Game #5,5,E-District,b38336b83717d221e7076442b54e616c,https://apexlegendsstatus.com/algs/Y4-Split2/ALGS-Championships/Global/Day1/BvD/b38336b83717d221e7076442b54e616c,https://apexlegendsstatus.com/algs/game/b38336b83717d221e7076442b54e616c,B vs. D - Game #5 - E-District
championship_split2,ALGS Year 4 Championship,Y4-Split2,ALGS-Championships,Global,Day1,BvD,B vs. D,Game #6,6,E-District,3efddbcd0312cf67b223d7daa4c8e6fe,https://apexlegendsstatus.com/algs/Y4-Split2/ALGS-Championships/Global/Day1/BvD/3efddbcd0312cf67b223d7daa4c8e6fe,https://apexlegendsstatus.com/algs/game/3efddbcd0312cf67b223d7daa4c8e6fe,B vs. D - Game #6 - E-District
championship_split2,ALGS Year 4 Championship,Y4-Split2,ALGS-Championships,Global,Day1,CvD,C vs. D,Game #1,1,E-District,9d93524307ff6fd6e3d05529f33b4e06,https://apexlegendsstatus.com/algs/Y4-Split2/ALGS-Championships/Global/Day1/CvD/9d93524307ff6fd6e3d05529f33b4e06,https://apexlegendsstatus.com/algs/game/9d93524307ff6fd6e3d05529f33b4e06,C vs. D - Game #1 - E-District
championship_split2,ALGS Year 4 Championship,Y4-Split2,ALGS-Championships,Global,Day1,CvD,C vs. D,Game #2,2,E-District,3347a03bc149a736ea39582fffb2d6cc,https://apexlegendsstatus.com/algs/Y4-Split2/ALGS-Championships/Global/Day1/CvD/3347a03bc149a736ea39582fffb2d6cc,https://apexlegendsstatus.com/algs/game/3347a03bc149a736ea39582fffb2d6cc,C vs. D - Game #2 - E-District
championship_split2,ALGS Year 4 Championship,Y4-Split2,ALGS-Championships,Global,Day1,CvD,C vs. D,Game #3,3,Storm Point,3a3ff25c28990c001f263a5211cb3fb6,https://apexlegendsstatus.com/algs/Y4-Split2/ALGS-Championships/Global/Day1/CvD/3a3ff25c28990c001f263a5211cb3fb6,https://apexlegendsstatus.com/algs/game/3a3ff25c28990c001f263a5211cb3fb6,C vs. D - Game #3 - Storm Point
championship_split2,ALGS Year 4 Championship,Y4-Split2,ALGS-Championships,Global,Day1,CvD,C vs. D,Game #4,4,Storm Point,c117cce4ddbdcf72be42b060a12987a7,https://apexlegendsstatus.com/algs/Y4-Split2/ALGS-Championships/Global/Day1/CvD/c117cce4ddbdcf72be42b060a12987a7,https://apexlegendsstatus.com/algs/game/c117cce4ddbdcf72be42b060a12987a7,C vs. D - Game #4 - Storm Point
championship_split2,ALGS Year 4 Championship,Y4-Split2,ALGS-Championships,Global,Day1,CvD,C vs. D,Game #5,5,World's Edge,432376b187d37d271022434ba8ce73a8,https://apexlegendsstatus.com/algs/Y4-Split2/ALGS-Championships/Global/Day1/CvD/432376b187d37d271022434ba8ce73a8,https://apexlegendsstatus.com/algs/game/432376b187d37d271022434ba8ce73a8,C vs. D - Game #5 - World's Edge
championship_split2,ALGS Year 4 Championship,Y4-Split2,ALGS-Championships,Global,Day1,CvD,C vs. D,Game #6,6,World's Edge,f9f25d09fa3c20d1428b2e2836027bfe,https://apexlegendsstatus.com/algs/Y4-Split2/ALGS-Championships/Global/Day1/CvD/f9f25d09fa3c20d1428b2e2836027bfe,https://apexlegendsstatus.com/algs/game/f9f25d09fa3c20d1428b2e2836027bfe,C vs. D - Game #6 - World's Edge
championship_split2,ALGS Year 4 Championship,Y4-Split2,ALGS-Championships,Global,Day2,AvC,A vs. C,Game #1,1,Storm Point,dbfbca8914ff0e128268444bf2f84dae,https://apexlegendsstatus.com/algs/Y4-Split2/ALGS-Championships/Global/Day2/AvC/dbfbca8914ff0e128268444bf2f84dae,https://apexlegendsstatus.com/algs/game/dbfbca8914ff0e128268444bf2f84dae,A vs. C - Game #1 - Storm Point
championship_split2,ALGS Year 4 Championship,Y4-Split2,ALGS-Championships,Global,Day2,AvC,A vs. C,Game #2,2,Storm Point,bc819c38781df5733d5dd2801f710a59,https://apexlegendsstatus.com/algs/Y4-Split2/ALGS-Championships/Global/Day2/AvC/bc819c38781df5733d5dd2801f710a59,https://apexlegendsstatus.com/algs/game/bc819c38781df5733d5dd2801f710a59,A vs. C - Game #2 - Storm Point
championship_split2,ALGS Year 4 Championship,Y4-Split2,ALGS-Championships,Global,Day2,AvC,A vs. C,Game #3,3,World's Edge,c77bea1584c333efde7e6f4024c5f832,https://apexlegendsstatus.com/algs/Y4-Split2/ALGS-Championships/Global/Day2/AvC/c77bea1584c333efde7e6f4024c5f832,https://apexlegendsstatus.com/algs/game/c77bea1584c333efde7e6f4024c5f832,A vs. C - Game #3 - World's Edge
championship_split2,ALGS Year 4 Championship,Y4-Split2,ALGS-Championships,Global,Day2,AvC,A vs. C,Game #4,4,World's Edge,e8aae35f000c3e3afd7896c56b858672,https://apexlegendsstatus.com/algs/Y4-Split2/ALGS-Championships/Global/Day2/AvC/e8aae35f000c3e3afd7896c56b858672,https://apexlegendsstatus.com/algs/game/e8aae35f000c3e3afd7896c56b858672,A vs. C - Game #4 - World's Edge
championship_split2,ALGS Year 4 Championship,Y4-Split2,ALGS-Championships,Global,Day2,AvC,A vs. C,Game #5,5,E-District,1975b23578215c901869999cc7e191b8,https://apexlegendsstatus.com/algs/Y4-Split2/ALGS-Championships/Global/Day2/AvC/1975b23578215c901869999cc7e191b8,https://apexlegendsstatus.com/algs/game/1975b23578215c901869999cc7e191b8,A vs. C - Game #5 - E-District
championship_split2,ALGS Year 4 Championship,Y4-Split2,ALGS-Championships,Global,Day2,AvC,A vs. C,Game #6,6,E-District,1a8fc6dc5d432072799bdc9461f6f137,https://apexlegendsstatus.com/algs/Y4-Split2/ALGS-Championships/Global/Day2/AvC/1a8fc6dc5d432072799bdc9461f6f137,https://apexlegendsstatus.com/algs/game/1a8fc6dc5d432072799bdc9461f6f137,A vs. C - Game #6 - E-District
championship_split2,ALGS Year 4 Championship,Y4-Split2,ALGS-Championships,Global,Day2,AvD,A vs. D,Game #1,1,World's Edge,6d09499ab0504bf733dbb1609efa8122,https://apexlegendsstatus.com/algs/Y4-Split2/ALGS-Championships/Global/Day2/AvD/6d09499ab0504bf733dbb1609efa8122,https://apexlegendsstatus.com/algs/game/6d09499ab0504bf733dbb1609efa8122,A vs. D - Game #1 - World's Edge
championship_split2,ALGS Year 4 Championship,Y4-Split2,ALGS-Championships,Global,Day2,AvD,A vs. D,Game #2,2,World's Edge,446499e04861f74ce0ca0f816b2a73ab,https://apexlegendsstatus.com/algs/Y4-Split2/ALGS-Championships/Global/Day2/AvD/446499e04861f74ce0ca0f816b2a73ab,https://apexlegendsstatus.com/algs/game/446499e04861f74ce0ca0f816b2a73ab,A vs. D - Game #2 - World's Edge
championship_split2,ALGS Year 4 Championship,Y4-Split2,ALGS-Championships,Global,Day2,AvD,A vs. D,Game #3,3,E-District,61836d560fe92404cb8c6deca00a4b50,https://apexlegendsstatus.com/algs/Y4-Split2/ALGS-Championships/Global/Day2/AvD/61836d560fe92404cb8c6deca00a4b50,https://apexlegendsstatus.com/algs/game/61836d560fe92404cb8c6deca00a4b50,A vs. D - Game #3 - E-District
championship_split2,ALGS Year 4 Championship,Y4-Split2,ALGS-Championships,Global,Day2,AvD,A vs. D,Game #4,4,E-District,959c495d02d59c002ef327f42171349c,https://apexlegendsstatus.com/algs/Y4-Split2/ALGS-Championships/Global/Day2/AvD/959c495d02d59c002ef327f42171349c,https://apexlegendsstatus.com/algs/game/959c495d02d59c002ef327f42171349c,A vs. D - Game #4 - E-District
championship_split2,ALGS Year 4 Championship,Y4-Split2,ALGS-Championships,Global,Day2,AvD,A vs. D,Game #5,5,Storm Point,a21050c58b165cf5e9c7e69614a61b95,https://apexlegendsstatus.com/algs/Y4-Split2/ALGS-Championships/Global/Day2/AvD/a21050c58b165cf5e9c7e69614a61b95,https://apexlegendsstatus.com/algs/game/a21050c58b165cf5e9c7e69614a61b95,A vs. D - Game #5 - Storm Point
championship_split2,ALGS Year 4 Championship,Y4-Split2,ALGS-Championships,Global,Day2,AvD,A vs. D,Game #6,6,Storm Point,adb5006f49fc805d9b04014822675150,https://apexlegendsstatus.com/algs/Y4-Split2/ALGS-Championships/Global/Day2/AvD/adb5006f49fc805d9b04014822675150,https://apexlegendsstatus.com/algs/game/adb5006f49fc805d9b04014822675150,A vs. D - Game #6 - Storm Point
championship_split2,ALGS Year 4 Championship,Y4-Split2,ALGS-Championships,Global,Day2,BvC,B vs. C,Game #1,1,World's Edge,1919ee01dfa7a9f8a0761e31d38abce6,https://apexlegendsstatus.com/algs/Y4-Split2/ALGS-Championships/Global/Day2/BvC/1919ee01dfa7a9f8a0761e31d38abce6,https://apexlegendsstatus.com/algs/game/1919ee01dfa7a9f8a0761e31d38abce6,B vs. C - Game #1 - World's Edge
championship_split2,ALGS Year 4 Championship,Y4-Split2,ALGS-Championships,Global,Day2,BvC,B vs. C,Game #2,2,World's Edge,773304cd834f1add9dd291a56c2425c1,https://apexlegendsstatus.com/algs/Y4-Split2/ALGS-Championships/Global/Day2/BvC/773304cd834f1add9dd291a56c2425c1,https://apexlegendsstatus.com/algs/game/773304cd834f1add9dd291a56c2425c1,B vs. C - Game #2 - World's Edge
championship_split2,ALGS Year 4 Championship,Y4-Split2,ALGS-Championships,Global,Day2,BvC,B vs. C,Game #3,3,E-District,1aef58b6dd370abf463aff49fa2db113,https://apexlegendsstatus.com/algs/Y4-Split2/ALGS-Championships/Global/Day2/BvC/1aef58b6dd370abf463aff49fa2db113,https://apexlegendsstatus.com/algs/game/1aef58b6dd370abf463aff49fa2db113,B vs. C - Game #3 - E-District
championship_split2,ALGS Year 4 Championship,Y4-Split2,ALGS-Championships,Global,Day2,BvC,B vs. C,Game #4,4,E-District,1aeaec94906577a0700501eeeeda8dc6,https://apexlegendsstatus.com/algs/Y4-Split2/ALGS-Championships/Global/Day2/BvC/1aeaec94906577a0700501eeeeda8dc6,https://apexlegendsstatus.com/algs/game/1aeaec94906577a0700501eeeeda8dc6,B vs. C - Game #4 - E-District
championship_split2,ALGS Year 4 Championship,Y4-Split2,ALGS-Championships,Global,Day2,BvC,B vs. C,Game #5,5,Storm Point,611faa1c3ade3871fc2e15dc72ab4534,https://apexlegendsstatus.com/algs/Y4-Split2/ALGS-Championships/Global/Day2/BvC/611faa1c3ade3871fc2e15dc72ab4534,https://apexlegendsstatus.com/algs/game/611faa1c3ade3871fc2e15dc72ab4534,B vs. C - Game #5 - Storm Point
championship_split2,ALGS Year 4 Championship,Y4-Split2,ALGS-Championships,Global,Day2,BvC,B vs. C,Game #6,6,Storm Point,77b3a5077b34a60f8af502f9ae04fac8,https://apexlegendsstatus.com/algs/Y4-Split2/ALGS-Championships/Global/Day2/BvC/77b3a5077b34a60f8af502f9ae04fac8,https://apexlegendsstatus.com/algs/game/77b3a5077b34a60f8af502f9ae04fac8,B vs. C - Game #6 - Storm Point
championship_split2,ALGS Year 4 Championship,Y4-Split2,ALGS-Championships,Global,Day3,LosersRound1,Losers Round 1,Game #1,1,E-District,2fd4662ae572b23186a460ea15433e35,https://apexlegendsstatus.com/algs/Y4-Split2/ALGS-Championships/Global/Day3/LosersRound1/2fd4662ae572b23186a460ea15433e35,https://apexlegendsstatus.com/algs/game/2fd4662ae572b23186a460ea15433e35,Losers Round 1 - Game #1 - E-District
championship_split2,ALGS Year 4 Championship,Y4-Split2,ALGS-Championships,Global,Day3,LosersRound1,Losers Round 1,Game #2,2,E-District,67d928da9d66f1f2af210ef45caa532e,https://apexlegendsstatus.com/algs/Y4-Split2/ALGS-Championships/Global/Day3/LosersRound1/67d928da9d66f1f2af210ef45caa532e,https://apexlegendsstatus.com/algs/game/67d928da9d66f1f2af210ef45caa532e,Losers Round 1 - Game #2 - E-District
championship_split2,ALGS Year 4 Championship,Y4-Split2,ALGS-Championships,Global,Day3,LosersRound1,Losers Round 1,Game #3,3,E-District,d2baea01ef77003fa80b2e41788a3da8,https://apexlegendsstatus.com/algs/Y4-Split2/ALGS-Championships/Global/Day3/LosersRound1/d2baea01ef77003fa80b2e41788a3da8,https://apexlegendsstatus.com/algs/game/d2baea01ef77003fa80b2e41788a3da8,Losers Round 1 - Game #3 - E-District
championship_split2,ALGS Year 4 Championship,Y4-Split2,ALGS-Championships,Global,Day3,LosersRound1,Losers Round 1,Game #4,4,Storm Point,b5c384ad4ce1bf6f6cb254a79b70432d,https://apexlegendsstatus.com/algs/Y4-Split2/ALGS-Championships/Global/Day3/LosersRound1/b5c384ad4ce1bf6f6cb254a79b70432d,https://apexlegendsstatus.com/algs/game/b5c384ad4ce1bf6f6cb254a79b70432d,Losers Round 1 - Game #4 - Storm Point
championship_split2,ALGS Year 4 Championship,Y4-Split2,ALGS-Championships,Global,Day3,LosersRound1,Losers Round 1,Game #5,5,Storm Point,5e95e681bad467845c3c97761c48d45a,https://apexlegendsstatus.com/algs/Y4-Split2/ALGS-Championships/Global/Day3/LosersRound1/5e95e681bad467845c3c97761c48d45a,https://apexlegendsstatus.com/algs/game/5e95e681bad467845c3c97761c48d45a,Losers Round 1 - Game #5 - Storm Point
championship_split2,ALGS Year 4 Championship,Y4-Split2,ALGS-Championships,Global,Day3,LosersRound1,Losers Round 1,Game #6,6,World's Edge,90b5a3acf39d75b568b3eb5cfcd09b99,https://apexlegendsstatus.com/algs/Y4-Split2/ALGS-Championships/Global/Day3/LosersRound1/90b5a3acf39d75b568b3eb5cfcd09b99,https://apexlegendsstatus.com/algs/game/90b5a3acf39d75b568b3eb5cfcd09b99,Losers Round 1 - Game #6 - World's Edge
championship_split2,ALGS Year 4 Championship,Y4-Split2,ALGS-Championships,Global,Day3,LosersRound1,Losers Round 1,Game #7,7,World's Edge,fcb75e159e92046e2da9213407f736ec,https://apexlegendsstatus.com/algs/Y4-Split2/ALGS-Championships/Global/Day3/LosersRound1/fcb75e159e92046e2da9213407f736ec,https://apexlegendsstatus.com/algs/game/fcb75e159e92046e2da9213407f736ec,Losers Round 1 - Game #7 - World's Edge
championship_split2,ALGS Year 4 Championship,Y4-Split2,ALGS-Championships,Global,Day3,LosersRound1,Losers Round 1,Game #8,8,World's Edge,f2ece1548c01981e6f6179e42f325c32,https://apexlegendsstatus.com/algs/Y4-Split2/ALGS-Championships/Global/Day3/LosersRound1/f2ece1548c01981e6f6179e42f325c32,https://apexlegendsstatus.com/algs/game/f2ece1548c01981e6f6179e42f325c32,Losers Round 1 - Game #8 - World's Edge
championship_split2,ALGS Year 4 Championship,Y4-Split2,ALGS-Championships,Global,Day4,LosersRound2,Losers Round 2,Game #1,1,World's Edge,a1fc5ffd72964b70d8056428889ead41,https://apexlegendsstatus.com/algs/Y4-Split2/ALGS-Championships/Global/Day4/LosersRound2/a1fc5ffd72964b70d8056428889ead41,https://apexlegendsstatus.com/algs/game/a1fc5ffd72964b70d8056428889ead41,Losers Round 2 - Game #1 - World's Edge
championship_split2,ALGS Year 4 Championship,Y4-Split2,ALGS-Championships,Global,Day4,LosersRound2,Losers Round 2,Game #2,2,World's Edge,cb7e29e9533624758bde65cc722f74e1,https://apexlegendsstatus.com/algs/Y4-Split2/ALGS-Championships/Global/Day4/LosersRound2/cb7e29e9533624758bde65cc722f74e1,https://apexlegendsstatus.com/algs/game/cb7e29e9533624758bde65cc722f74e1,Losers Round 2 - Game #2 - World's Edge
championship_split2,ALGS Year 4 Championship,Y4-Split2,ALGS-Championships,Global,Day4,LosersRound2,Losers Round 2,Game #3,3,World's Edge,3f9b82d30a1d6f3c9f31ecdd2722caa6,https://apexlegendsstatus.com/algs/Y4-Split2/ALGS-Championships/Global/Day4/LosersRound2/3f9b82d30a1d6f3c9f31ecdd2722caa6,https://apexlegendsstatus.com/algs/game/3f9b82d30a1d6f3c9f31ecdd2722caa6,Losers Round 2 - Game #3 - World's Edge
championship_split2,ALGS Year 4 Championship,Y4-Split2,ALGS-Championships,Global,Day4,LosersRound2,Losers Round 2,Game #4,4,E-District,854332f5ab2f326831817ba754a33762,https://apexlegendsstatus.com/algs/Y4-Split2/ALGS-Championships/Global/Day4/LosersRound2/854332f5ab2f326831817ba754a33762,https://apexlegendsstatus.com/algs/game/854332f5ab2f326831817ba754a33762,Losers Round 2 - Game #4 - E-District
championship_split2,ALGS Year 4 Championship,Y4-Split2,ALGS-Championships,Global,Day4,LosersRound2,Losers Round 2,Game #5,5,E-District,38cfd7134ffd6cac722f8712519cd793,https://apexlegendsstatus.com/algs/Y4-Split2/ALGS-Championships/Global/Day4/LosersRound2/38cfd7134ffd6cac722f8712519cd793,https://apexlegendsstatus.com/algs/game/38cfd7134ffd6cac722f8712519cd793,Losers Round 2 - Game #5 - E-District
championship_split2,ALGS Year 4 Championship,Y4-Split2,ALGS-Championships,Global,Day4,LosersRound2,Losers Round 2,Game #6,6,Storm Point,8582606428dd495085b61cdbf172f3e6,https://apexlegendsstatus.com/algs/Y4-Split2/ALGS-Championships/Global/Day4/LosersRound2/8582606428dd495085b61cdbf172f3e6,https://apexlegendsstatus.com/algs/game/8582606428dd495085b61cdbf172f3e6,Losers Round 2 - Game #6 - Storm Point
championship_split2,ALGS Year 4 Championship,Y4-Split2,ALGS-Championships,Global,Day4,LosersRound2,Losers Round 2,Game #7,7,Storm Point,e45ccacbc95fbc8b55fcdee2830edeef,https://apexlegendsstatus.com/algs/Y4-Split2/ALGS-Championships/Global/Day4/LosersRound2/e45ccacbc95fbc8b55fcdee2830edeef,https://apexlegendsstatus.com/algs/game/e45ccacbc95fbc8b55fcdee2830edeef,Losers Round 2 - Game #7 - Storm Point
championship_split2,ALGS Year 4 Championship,Y4-Split2,ALGS-Championships,Global,Day4,LosersRound2,Losers Round 2,Game #8,8,Storm Point,20000762e874f3c64eaa2f3d3adcedc0,https://apexlegendsstatus.com/algs/Y4-Split2/ALGS-Championships/Global/Day4/LosersRound2/20000762e874f3c64eaa2f3d3adcedc0,https://apexlegendsstatus.com/algs/game/20000762e874f3c64eaa2f3d3adcedc0,Losers Round 2 - Game #8 - Storm Point
championship_split2,ALGS Year 4 Championship,Y4-Split2,ALGS-Championships,Global,Day4,WinnersRound1,Winners Round 1,Game #1,1,Storm Point,08aa514feeced6e2700f5f1d30e31930,https://apexlegendsstatus.com/algs/Y4-Split2/ALGS-Championships/Global/Day4/WinnersRound1/08aa514feeced6e2700f5f1d30e31930,https://apexlegendsstatus.com/algs/game/08aa514feeced6e2700f5f1d30e31930,Winners Round 1 - Game #1 - Storm Point
championship_split2,ALGS Year 4 Championship,Y4-Split2,ALGS-Championships,Global,Day4,WinnersRound1,Winners Round 1,Game #2,2,Storm Point,29de396a22d298d1ac338c2beae1c6e9,https://apexlegendsstatus.com/algs/Y4-Split2/ALGS-Championships/Global/Day4/WinnersRound1/29de396a22d298d1ac338c2beae1c6e9,https://apexlegendsstatus.com/algs/game/29de396a22d298d1ac338c2beae1c6e9,Winners Round 1 - Game #2 - Storm Point
championship_split2,ALGS Year 4 Championship,Y4-Split2,ALGS-Championships,Global,Day4,WinnersRound1,Winners Round 1,Game #3,3,Storm Point,4f457d5a6eb80194675c6f6a06f7eb3b,https://apexlegendsstatus.com/algs/Y4-Split2/ALGS-Championships/Global/Day4/WinnersRound1/4f457d5a6eb80194675c6f6a06f7eb3b,https://apexlegendsstatus.com/algs/game/4f457d5a6eb80194675c6f6a06f7eb3b,Winners Round 1 - Game #3 - Storm Point
championship_split2,ALGS Year 4 Championship,Y4-Split2,ALGS-Championships,Global,Day4,WinnersRound1,Winners Round 1,Game #4,4,World's Edge,46256146833b536d73e017eb78bbeb87,https://apexlegendsstatus.com/algs/Y4-Split2/ALGS-Championships/Global/Day4/WinnersRound1/46256146833b536d73e017eb78bbeb87,https://apexlegendsstatus.com/algs/game/46256146833b536d73e017eb78bbeb87,Winners Round 1 - Game #4 - World's Edge
championship_split2,ALGS Year 4 Championship,Y4-Split2,ALGS-Championships,Global,Day4,WinnersRound1,Winners Round 1,Game #5,5,World's Edge,e4fa7a344aee5ed7080e9b6b0b34eeb8,https://apexlegendsstatus.com/algs/Y4-Split2/ALGS-Championships/Global/Day4/WinnersRound1/e4fa7a344aee5ed7080e9b6b0b34eeb8,https://apexlegendsstatus.com/algs/game/e4fa7a344aee5ed7080e9b6b0b34eeb8,Winners Round 1 - Game #5 - World's Edge
championship_split2,ALGS Year 4 Championship,Y4-Split2,ALGS-Championships,Global,Day4,WinnersRound1,Winners Round 1,Game #6,6,E-District,61930f07ff06819323fecae2ce370745,https://apexlegendsstatus.com/algs/Y4-Split2/ALGS-Championships/Global/Day4/WinnersRound1/61930f07ff06819323fecae2ce370745,https://apexlegendsstatus.com/algs/game/61930f07ff06819323fecae2ce370745,Winners Round 1 - Game #6 - E-District
championship_split2,ALGS Year 4 Championship,Y4-Split2,ALGS-Championships,Global,Day4,WinnersRound1,Winners Round 1,Game #7,7,E-District,60f62796650afdfd272c61ffab60858b,https://apexlegendsstatus.com/algs/Y4-Split2/ALGS-Championships/Global/Day4/WinnersRound1/60f62796650afdfd272c61ffab60858b,https://apexlegendsstatus.com/algs/game/60f62796650afdfd272c61ffab60858b,Winners Round 1 - Game #7 - E-District
championship_split2,ALGS Year 4 Championship,Y4-Split2,ALGS-Championships,Global,Day4,WinnersRound1,Winners Round 1,Game #8,8,E-District,71c5c8216a099030a4bdd35c4dd554a4,https://apexlegendsstatus.com/algs/Y4-Split2/ALGS-Championships/Global/Day4/WinnersRound1/71c5c8216a099030a4bdd35c4dd554a4,https://apexlegendsstatus.com/algs/game/71c5c8216a099030a4bdd35c4dd554a4,Winners Round 1 - Game #8 - E-District
championship_split2,ALGS Year 4 Championship,Y4-Split2,ALGS-Championships,Global,Finals,Finals,Finals,Game #1,1,E-District,15b3af1b53a1efe9b7de824d0c8359dd,https://apexlegendsstatus.com/algs/Y4-Split2/ALGS-Championships/Global/Finals/Finals/15b3af1b53a1efe9b7de824d0c8359dd,https://apexlegendsstatus.com/algs/game/15b3af1b53a1efe9b7de824d0c8359dd,Finals - Game #1 - E-District
championship_split2,ALGS Year 4 Championship,Y4-Split2,ALGS-Championships,Global,Finals,Finals,Finals,Game #2,2,Storm Point,a63b1ab92f6aa91d94e1b1d2b4e00adc,https://apexlegendsstatus.com/algs/Y4-Split2/ALGS-Championships/Global/Finals/Finals/a63b1ab92f6aa91d94e1b1d2b4e00adc,https://apexlegendsstatus.com/algs/game/a63b1ab92f6aa91d94e1b1d2b4e00adc,Finals - Game #2 - Storm Point
championship_split2,ALGS Year 4 Championship,Y4-Split2,ALGS-Championships,Global,Finals,Finals,Finals,Game #3,3,World's Edge,51a4959e61c778dc3f2de2c612b89041,https://apexlegendsstatus.com/algs/Y4-Split2/ALGS-Championships/Global/Finals/Finals/51a4959e61c778dc3f2de2c612b89041,https://apexlegendsstatus.com/algs/game/51a4959e61c778dc3f2de2c612b89041,Finals - Game #3 - World's Edge
championship_split2,ALGS Year 4 Championship,Y4-Split2,ALGS-Championships,Global,Finals,Finals,Finals,Game #4,4,World's Edge,cf04a9060204c33ddc105bc55d172526,https://apexlegendsstatus.com/algs/Y4-Split2/ALGS-Championships/Global/Finals/Finals/cf04a9060204c33ddc105bc55d172526,https://apexlegendsstatus.com/algs/game/cf04a9060204c33ddc105bc55d172526,Finals - Game #4 - World's Edge
championship_split2,ALGS Year 4 Championship,Y4-Split2,ALGS-Championships,Global,Finals,Finals,Finals,Game #5,5,Storm Point,d42ac286adf281ab62665b0f48c0ffc7,https://apexlegendsstatus.com/algs/Y4-Split2/ALGS-Championships/Global/Finals/Finals/d42ac286adf281ab62665b0f48c0ffc7,https://apexlegendsstatus.com/algs/game/d42ac286adf281ab62665b0f48c0ffc7,Finals - Game #5 - Storm Point
championship_split2,ALGS Year 4 Championship,Y4-Split2,ALGS-Championships,Global,Finals,Finals,Finals,Game #6,6,E-District,d99dff44bcf752b4095a53be15e678b6,https://apexlegendsstatus.com/algs/Y4-Split2/ALGS-Championships/Global/Finals/Finals/d99dff44bcf752b4095a53be15e678b6,https://apexlegendsstatus.com/algs/game/d99dff44bcf752b4095a53be15e678b6,Finals - Game #6 - E-District
championship_split2,ALGS Year 4 Championship,Y4-Split2,ALGS-Championships,Global,Finals,Finals,Finals,Game #7,7,E-District,b703bc14e90a1507dfc358252c499c46,https://apexlegendsstatus.com/algs/Y4-Split2/ALGS-Championships/Global/Finals/Finals/b703bc14e90a1507dfc358252c499c46,https://apexlegendsstatus.com/algs/game/b703bc14e90a1507dfc358252c499c46,Finals - Game #7 - E-District
championship_split2,ALGS Year 4 Championship,Y4-Split2,ALGS-Championships,Global,Finals,Finals,Finals,Game #8,8,Storm Point,bd19433e41355bf44089518248e9eb8f,https://apexlegendsstatus.com/algs/Y4-Split2/ALGS-Championships/Global/Finals/Finals/bd19433e41355bf44089518248e9eb8f,https://apexlegendsstatus.com/algs/game/bd19433e41355bf44089518248e9eb8f,Finals - Game #8 - Storm Point
championship_split2,ALGS Year 4 Championship,Y4-Split2,ALGS-Championships,Global,Finals,Finals,Finals,Game #9,9,World's Edge,d5a8375044e0f849168cbf3adb30ac2c,https://apexlegendsstatus.com/algs/Y4-Split2/ALGS-Championships/Global/Finals/Finals/d5a8375044e0f849168cbf3adb30ac2c,https://apexlegendsstatus.com/algs/game/d5a8375044e0f849168cbf3adb30ac2c,Finals - Game #9 - World's Edge
