event_slug,event_name,overview_url,split,league,region,day,group,game_id,source_url,source_scope,table_index,table_type,table_heading,row_number,team,games,best_p,avg_p,kills,place_pts,total_pts,knocks,times_knocked,dmg_dealt,dmg_taken,dmg_diff,dmg_per_kill,ring_dmg,rez,rspn,k_per_d,ka_per_d,deaths,surv_time,avg_fastest_first_kill,top_1s,top_2s,top_3s,top_5s,top_10s,top_15s,top_20s,top_10_pct,t10_to_t5_pct,t5_to_t1_pct,assists
playoffs_split1,ALGS Year 4 Split 1 Playoffs,https://apexlegendsstatus.com/algs/Y4-Split1/ALGS-Playoffs/Global/Overview,Y4-Split1,ALGS-Playoffs,Global,Overview,,,https://apexlegendsstatus.com/algs/Y4-Split1/ALGS-Playoffs/Global/Overview,overview,82,team_stats,Scores,1,TSM,38,1st,11,109,84,193,141,128,"55,629","57,629","-2,000",510.36,"5,619",11,8,0.92,1.73,119,28h 52m 40s,9m 34s,1,2,4,5,18,31,38,47.4%,27.8%,20%,97
playoffs_split1,ALGS Year 4 Split 1 Playoffs,https://apexlegendsstatus.com/algs/Y4-Split1/ALGS-Playoffs/Global/Overview,Y4-Split1,ALGS-Playoffs,Global,Overview,,,https://apexlegendsstatus.com/algs/Y4-Split1/ALGS-Playoffs/Global/Overview,overview,82,team_stats,Scores,2,Virtus.Pro,32,1st,8.8,82,122,204,101,101,"49,799","43,576","6,223",607.3,"4,251",9,3,0.91,1.83,90,28h 15m 47s,13m 34s,3,6,8,13,20,26,32,62.5%,65%,23.1%,83
playoffs_split1,ALGS Year 4 Split 1 Playoffs,https://apexlegendsstatus.com/algs/Y4-Split1/ALGS-Playoffs/Global/Overview,Y4-Split1,ALGS-Playoffs,Global,Overview,,,https://apexlegendsstatus.com/algs/Y4-Split1/ALGS-Playoffs/Global/Overview,overview,82,team_stats,Scores,3,CRAZY RACCOON,30,1st,11.7,65,66,131,86,100,"36,546","37,871","-1,325",562.25,"3,404",15,2,0.76,1.63,86,23h 20m 15s,10m 28s,2,2,3,6,11,22,30,36.7%,54.5%,33.3%,75
playoffs_split1,ALGS Year 4 Split 1 Playoffs,https://apexlegendsstatus.com/algs/Y4-Split1/ALGS-Playoffs/Global/Overview,Y4-Split1,ALGS-Playoffs,Global,Overview,,,https://apexlegendsstatus.com/algs/Y4-Split1/ALGS-Playoffs/Global/Overview,overview,82,team_stats,Scores,4,FNATIC,32,1st,8.6,174,109,283,199,112,"70,195","59,171","11,024",403.42,"7,109",26,3,1.87,3.96,93,27h 25m 14s,9m 55s,2,5,7,9,20,29,32,62.5%,45%,22.2%,194
playoffs_split1,ALGS Year 4 Split 1 Playoffs,https://apexlegendsstatus.com/algs/Y4-Split1/ALGS-Playoffs/Global/Overview,Y4-Split1,ALGS-Playoffs,Global,Overview,,,https://apexlegendsstatus.com/algs/Y4-Split1/ALGS-Playoffs/Global/Overview,overview,82,team_stats,Scores,5,Liquid Alienware,32,1st,11,81,84,165,105,105,"48,576","51,318","-2,742",599.7,"2,924",11,7,0.84,1.69,97,25h 32m 21s,12m 26s,2,4,5,7,16,19,32,50%,43.8%,28.6%,83
playoffs_split1,ALGS Year 4 Split 1 Playoffs,https://apexlegendsstatus.com/algs/Y4-Split1/ALGS-Playoffs/Global/Overview,Y4-Split1,ALGS-Playoffs,Global,Overview,,,https://apexlegendsstatus.com/algs/Y4-Split1/ALGS-Playoffs/Global/Overview,overview,82,team_stats,Scores,6,Complexity,30,3rd,9.1,42,86,128,65,93,"44,417","40,277","4,140",1057.55,"2,281",6,0,0.47,0.8,90,25h 1m 46s,12m 24s,0,0,4,12,16,27,30,53.3%,75%,0%,30
playoffs_split1,ALGS Year 4 Split 1 Playoffs,https://apexlegendsstatus.com/algs/Y4-Split1/ALGS-Playoffs/Global/Overview,Y4-Split1,ALGS-Playoffs,Global,Overview,,,https://apexlegendsstatus.com/algs/Y4-Split1/ALGS-Playoffs/Global/Overview,overview,82,team_stats,Scores,7,Alliance,38,1st,10.1,143,110,253,170,123,"64,314","65,294",-980,449.75,"9,546",22,5,1.34,2.52,107,30h 3m 24s,10m 27s,4,4,5,8,22,27,38,57.9%,36.4%,50%,127
playoffs_split1,ALGS Year 4 Split 1 Playoffs,https://apexlegendsstatus.com/algs/Y4-Split1/ALGS-Playoffs/Global/Overview,Y4-Split1,ALGS-Playoffs,Global,Overview,,,https://apexlegendsstatus.com/algs/Y4-Split1/ALGS-Playoffs/Global/Overview,overview,82,team_stats,Scores,8,SSG,38,2nd,10,136,95,231,165,130,"69,906","54,659","15,247",514.01,"5,761",15,2,1.17,2.4,116,31h 9m 37s,10m 33s,0,3,4,10,18,31,38,47.4%,55.6%,0%,142
playoffs_split1,ALGS Year 4 Split 1 Playoffs,https://apexlegendsstatus.com/algs/Y4-Split1/ALGS-Playoffs/Global/Overview,Y4-Split1,ALGS-Playoffs,Global,Overview,,,https://apexlegendsstatus.com/algs/Y4-Split1/ALGS-Playoffs/Global/Overview,overview,82,team_stats,Scores,9,Elev8 Gaming,38,1st,10.3,141,123,264,167,114,"67,286","57,636","9,650",477.21,"3,034",11,1,1.41,2.78,100,28h 37m 18s,9m 15s,5,6,7,12,21,28,38,55.3%,57.1%,41.7%,137
playoffs_split1,ALGS Year 4 Split 1 Playoffs,https://apexlegendsstatus.com/algs/Y4-Split1/ALGS-Playoffs/Global/Overview,Y4-Split1,ALGS-Playoffs,Global,Overview,,,https://apexlegendsstatus.com/algs/Y4-Split1/ALGS-Playoffs/Global/Overview,overview,82,team_stats,Scores,10,2Rats1Controller,32,1st,11.6,95,66,161,113,118,"45,880","58,355","-12,475",482.95,"4,445",19,13,0.91,2,104,25h 13m 47s,8m 54s,2,2,3,4,12,25,32,37.5%,33.3%,50%,113
playoffs_split1,ALGS Year 4 Split 1 Playoffs,https://apexlegendsstatus.com/algs/Y4-Split1/ALGS-Playoffs/Global/Overview,Y4-Split1,ALGS-Playoffs,Global,Overview,,,https://apexlegendsstatus.com/algs/Y4-Split1/ALGS-Playoffs/Global/Overview,overview,82,team_stats,Scores,11,Made in Heaven,30,2nd,10.9,81,63,144,105,98,"50,015","51,329","-1,314",617.47,608,12,1,0.89,1.79,91,22h 56m 38s,10m 55s,0,1,4,5,13,22,30,43.3%,38.5%,0%,82
playoffs_split1,ALGS Year 4 Split 1 Playoffs,https://apexlegendsstatus.com/algs/Y4-Split1/ALGS-Playoffs/Global/Overview,Y4-Split1,ALGS-Playoffs,Global,Overview,,,https://apexlegendsstatus.com/algs/Y4-Split1/ALGS-Playoffs/Global/Overview,overview,82,team_stats,Scores,12,FURIA,30,1st,10.4,95,66,161,114,104,"52,610","51,976",634,553.79,"2,200",15,6,1.02,2.1,93,23h 50m 57s,10m 15s,1,1,2,5,16,26,30,53.3%,31.3%,20%,100
playoffs_split1,ALGS Year 4 Split 1 Playoffs,https://apexlegendsstatus.com/algs/Y4-Split1/ALGS-Playoffs/Global/Overview,Y4-Split1,ALGS-Playoffs,Global,Overview,,,https://apexlegendsstatus.com/algs/Y4-Split1/ALGS-Playoffs/Global/Overview,overview,82,team_stats,Scores,13,Aurora,32,2nd,8.3,135,112,247,156,140,"61,143","78,509","-17,366",452.91,"19,476",36,15,1.22,2.44,111,29h 18s,10m 59s,0,6,9,11,20,29,32,62.5%,55%,0%,136
playoffs_split1,ALGS Year 4 Split 1 Playoffs,https://apexlegendsstatus.com/algs/Y4-Split1/ALGS-Playoffs/Global/Overview,Y4-Split1,ALGS-Playoffs,Global,Overview,,,https://apexlegendsstatus.com/algs/Y4-Split1/ALGS-Playoffs/Global/Overview,overview,82,team_stats,Scores,14,Legends Gaming,38,1st,10.1,113,112,225,137,132,"68,964","65,812","3,152",610.3,"3,421",18,5,1,2.11,113,28h 53m 47s,10m 53s,2,5,5,12,22,28,38,57.9%,54.5%,16.7%,125
playoffs_split1,ALGS Year 4 Split 1 Playoffs,https://apexlegendsstatus.com/algs/Y4-Split1/ALGS-Playoffs/Global/Overview,Y4-Split1,ALGS-Playoffs,Global,Overview,,,https://apexlegendsstatus.com/algs/Y4-Split1/ALGS-Playoffs/Global/Overview,overview,82,team_stats,Scores,15,RED Rams,30,1st,12.8,67,55,122,79,115,"35,535","48,438","-12,903",530.37,"8,411",24,8,0.7,1.3,96,21h 17m 56s,9m 33s,1,2,3,5,10,16,30,33.3%,50%,20%,58
playoffs_split1,ALGS Year 4 Split 1 Playoffs,https://apexlegendsstatus.com/algs/Y4-Split1/ALGS-Playoffs/Global/Overview,Y4-Split1,ALGS-Playoffs,Global,Overview,,,https://apexlegendsstatus.com/algs/Y4-Split1/ALGS-Playoffs/Global/Overview,overview,82,team_stats,Scores,16,DarkZero,32,1st,6.7,177,179,356,197,100,"84,230","69,431","14,799",475.88,"3,297",22,2,2.21,4.25,80,30h 1m 33s,11m 23s,6,11,15,18,24,28,32,75%,75%,33.3%,163
playoffs_split1,ALGS Year 4 Split 1 Playoffs,https://apexlegendsstatus.com/algs/Y4-Split1/ALGS-Playoffs/Global/Overview,Y4-Split1,ALGS-Playoffs,Global,Overview,,,https://apexlegendsstatus.com/algs/Y4-Split1/ALGS-Playoffs/Global/Overview,overview,82,team_stats,Scores,17,Not Moist,32,1st,8.7,107,102,209,124,98,"54,611","49,141","5,470",510.38,"5,886",10,0,1.15,2.31,93,27h 53m 24s,13m 4s,1,3,6,10,20,31,32,62.5%,50%,10%,108
playoffs_split1,ALGS Year 4 Split 1 Playoffs,https://apexlegendsstatus.com/algs/Y4-Split1/ALGS-Playoffs/Global/Overview,Y4-Split1,ALGS-Playoffs,Global,Overview,,,https://apexlegendsstatus.com/algs/Y4-Split1/ALGS-Playoffs/Global/Overview,overview,82,team_stats,Scores,18,o7,32,1st,13.3,100,70,170,115,104,"42,105","41,576",529,421.05,868,12,6,1.08,2.12,93,18h 55m 56s,7m 22s,3,4,5,6,10,14,32,31.3%,60%,50%,97
playoffs_split1,ALGS Year 4 Split 1 Playoffs,https://apexlegendsstatus.com/algs/Y4-Split1/ALGS-Playoffs/Global/Overview,Y4-Split1,ALGS-Playoffs,Global,Overview,,,https://apexlegendsstatus.com/algs/Y4-Split1/ALGS-Playoffs/Global/Overview,overview,82,team_stats,Scores,19,REJECT WINNITY,32,1st,8.6,137,135,272,168,93,"73,235","48,887","24,348",534.56,"2,149",17,4,1.67,3.62,82,27h 17m 37s,10m 35s,6,9,9,12,19,25,32,59.4%,63.2%,50%,160
playoffs_split1,ALGS Year 4 Split 1 Playoffs,https://apexlegendsstatus.com/algs/Y4-Split1/ALGS-Playoffs/Global/Overview,Y4-Split1,ALGS-Playoffs,Global,Overview,,,https://apexlegendsstatus.com/algs/Y4-Split1/ALGS-Playoffs/Global/Overview,overview,82,team_stats,Scores,20,Serenity,32,1st,8.8,83,114,197,96,105,"51,107","49,280","1,827",615.75,"2,023",13,2,0.87,1.68,95,27h 42m 46s,12m 20s,1,5,8,14,19,27,32,59.4%,73.7%,7.1%,77
playoffs_split1,ALGS Year 4 Split 1 Playoffs,https://apexlegendsstatus.com/algs/Y4-Split1/ALGS-Playoffs/Global/Overview,Y4-Split1,ALGS-Playoffs,Global,Overview,,,https://apexlegendsstatus.com/algs/Y4-Split1/ALGS-Playoffs/Global/Overview,overview,82,team_stats,Scores,21,Never To Change,24,3rd,15.2,22,22,44,30,78,"19,335","27,755","-8,420",878.86,700,7,0,0.31,0.63,72,13h 44m 21s,8m 56s,0,0,1,1,5,11,24,20.8%,20%,0%,23
playoffs_split1,ALGS Year 4 Split 1 Playoffs,https://apexlegendsstatus.com/algs/Y4-Split1/ALGS-Playoffs/Global/Overview,Y4-Split1,ALGS-Playoffs,Global,Overview,,,https://apexlegendsstatus.com/algs/Y4-Split1/ALGS-Playoffs/Global/Overview,overview,82,team_stats,Scores,22,MDY-White,24,4th,12.8,44,32,76,55,82,"27,049","32,260","-5,211",614.75,"2,691",10,3,0.59,1.24,75,17h 49m 33s,10m 3s,0,0,0,1,10,15,24,41.7%,10%,0%,49
playoffs_split1,ALGS Year 4 Split 1 Playoffs,https://apexlegendsstatus.com/algs/Y4-Split1/ALGS-Playoffs/Global/Overview,Y4-Split1,ALGS-Playoffs,Global,Overview,,,https://apexlegendsstatus.com/algs/Y4-Split1/ALGS-Playoffs/Global/Overview,overview,82,team_stats,Scores,23,WMNDY,30,1st,11.8,64,71,135,80,102,"35,844","38,705","-2,861",560.06,"3,816",13,7,0.68,1.36,94,20h 57m 15s,9m 39s,1,3,5,7,10,21,30,33.3%,70%,14.3%,64
playoffs_split1,ALGS Year 4 Split 1 Playoffs,https://apexlegendsstatus.com/algs/Y4-Split1/ALGS-Playoffs/Global/Overview,Y4-Split1,ALGS-Playoffs,Global,Overview,,,https://apexlegendsstatus.com/algs/Y4-Split1/ALGS-Playoffs/Global/Overview,overview,82,team_stats,Scores,24,Natus Vincere,30,1st,10.4,77,83,160,89,97,"38,900","44,265","-5,365",505.19,"7,428",8,6,0.86,1.73,90,23h 40m 43s,13m 36s,2,3,5,8,15,23,30,50%,53.3%,25%,79
playoffs_split1,ALGS Year 4 Split 1 Playoffs,https://apexlegendsstatus.com/algs/Y4-Split1/ALGS-Playoffs/Global/Overview,Y4-Split1,ALGS-Playoffs,Global,Overview,,,https://apexlegendsstatus.com/algs/Y4-Split1/ALGS-Playoffs/Global/Overview,overview,82,team_stats,Scores,25,KINOTROPE gaming,38,1st,10.4,104,117,221,123,132,"53,327","56,644","-3,317",512.76,"2,232",15,10,0.91,1.75,114,30h 18m 36s,10m 37s,4,4,6,14,18,27,38,47.4%,77.8%,28.6%,96
playoffs_split1,ALGS Year 4 Split 1 Playoffs,https://apexlegendsstatus.com/algs/Y4-Split1/ALGS-Playoffs/Global/Overview,Y4-Split1,ALGS-Playoffs,Global,Overview,,,https://apexlegendsstatus.com/algs/Y4-Split1/ALGS-Playoffs/Global/Overview,overview,82,team_stats,Scores,26,Oxygen Esports,24,2nd,9.5,63,61,124,75,82,"30,931","35,248","-4,317",490.97,"1,781",9,2,0.85,1.8,74,20h 56m 16s,12m 14s,0,1,1,7,15,19,24,62.5%,46.7%,0%,70
playoffs_split1,ALGS Year 4 Split 1 Playoffs,https://apexlegendsstatus.com/algs/Y4-Split1/ALGS-Playoffs/Global/Overview,Y4-Split1,ALGS-Playoffs,Global,Overview,,,https://apexlegendsstatus.com/algs/Y4-Split1/ALGS-Playoffs/Global/Overview,overview,82,team_stats,Scores,27,LG,38,1st,9.6,90,101,191,117,132,"54,265","64,261","-9,996",602.94,"7,063",18,6,0.77,1.56,117,31h 11m 24s,10m 4s,1,3,4,8,23,30,38,60.5%,34.8%,12.5%,92
playoffs_split1,ALGS Year 4 Split 1 Playoffs,https://apexlegendsstatus.com/algs/Y4-Split1/ALGS-Playoffs/Global/Overview,Y4-Split1,ALGS-Playoffs,Global,Overview,,,https://apexlegendsstatus.com/algs/Y4-Split1/ALGS-Playoffs/Global/Overview,overview,82,team_stats,Scores,28,Boogie Boarders,24,2nd,9.7,47,61,108,60,79,"38,489","34,376","4,113",818.91,480,6,2,0.64,1.14,74,20h 5m 46s,12m 10s,0,2,3,5,14,19,24,58.3%,35.7%,0%,37
playoffs_split1,ALGS Year 4 Split 1 Playoffs,https://apexlegendsstatus.com/algs/Y4-Split1/ALGS-Playoffs/Global/Overview,Y4-Split1,ALGS-Playoffs,Global,Overview,,,https://apexlegendsstatus.com/algs/Y4-Split1/ALGS-Playoffs/Global/Overview,overview,82,team_stats,Scores,29,NORTHEPTION,24,3rd,12.5,45,39,84,64,84,"28,173","32,771","-4,598",626.07,"5,521",11,5,0.58,1.3,77,17h 32m 43s,10m 16s,0,0,2,4,7,16,24,29.2%,57.1%,0%,55
playoffs_split1,ALGS Year 4 Split 1 Playoffs,https://apexlegendsstatus.com/algs/Y4-Split1/ALGS-Playoffs/Global/Overview,Y4-Split1,ALGS-Playoffs,Global,Overview,,,https://apexlegendsstatus.com/algs/Y4-Split1/ALGS-Playoffs/Global/Overview,overview,82,team_stats,Scores,30,OMiT,38,1st,9.8,102,110,212,122,119,"55,467","63,106","-7,639",543.79,"4,591",14,2,0.93,1.91,110,31h 52m 47s,12m 11s,2,3,6,9,21,31,38,55.3%,42.9%,22.2%,108
playoffs_split1,ALGS Year 4 Split 1 Playoffs,https://apexlegendsstatus.com/algs/Y4-Split1/ALGS-Playoffs/Global/Overview,Y4-Split1,ALGS-Playoffs,Global,Overview,,,https://apexlegendsstatus.com/algs/Y4-Split1/ALGS-Playoffs/Global/Overview,overview,82,team_stats,Scores,31,Disguised,38,1st,9.7,125,115,240,148,131,"69,014","66,224","2,790",552.11,"10,684",21,3,1.13,2.32,111,31h 58m 10s,11m 23s,2,4,7,11,20,30,38,52.6%,55%,18.2%,133
playoffs_split1,ALGS Year 4 Split 1 Playoffs,https://apexlegendsstatus.com/algs/Y4-Split1/ALGS-Playoffs/Global/Overview,Y4-Split1,ALGS-Playoffs,Global,Overview,,,https://apexlegendsstatus.com/algs/Y4-Split1/ALGS-Playoffs/Global/Overview,overview,82,team_stats,Scores,32,Cloud9,38,1st,9.2,103,125,228,135,121,"63,066","55,249","7,817",612.29,"4,943",9,2,0.93,1.99,111,32h 27m 25s,12m 59s,2,4,9,12,23,31,38,60.5%,52.2%,16.7%,118
playoffs_split1,ALGS Year 4 Split 1 Playoffs,https://apexlegendsstatus.com/algs/Y4-Split1/ALGS-Playoffs/Global/Overview,Y4-Split1,ALGS-Playoffs,Global,Overview,,,https://apexlegendsstatus.com/algs/Y4-Split1/ALGS-Playoffs/Global/Overview,overview,82,team_stats,Scores,33,Tom Yum Kung,24,3rd,12,46,41,87,64,85,"29,338","35,242","-5,904",637.78,"6,813",6,9,0.57,1.1,81,18h 12m 21s,10m 44s,0,0,2,3,9,17,24,37.5%,33.3%,0%,43
playoffs_split1,ALGS Year 4 Split 1 Playoffs,https://apexlegendsstatus.com/algs/Y4-Split1/ALGS-Playoffs/Global/Overview,Y4-Split1,ALGS-Playoffs,Global,Overview,,,https://apexlegendsstatus.com/algs/Y4-Split1/ALGS-Playoffs/Global/Overview,overview,82,team_stats,Scores,34,PassionUA,24,3rd,10.8,55,50,105,69,86,"42,414","45,129","-2,715",771.16,"1,329",13,4,0.72,1.55,76,19h 28m 48s,9m 43s,0,0,2,3,12,20,24,50%,25%,0%,63
playoffs_split1,ALGS Year 4 Split 1 Playoffs,https://apexlegendsstatus.com/algs/Y4-Split1/ALGS-Playoffs/Global/Overview,Y4-Split1,ALGS-Playoffs,Global,Overview,,,https://apexlegendsstatus.com/algs/Y4-Split1/ALGS-Playoffs/Global/Overview,overview,82,team_stats,Scores,35,BR DEM0NZ,24,1st,12.5,48,44,92,67,73,"31,809","34,134","-2,325",662.69,"3,705",5,0,0.7,1.32,69,17h 37m 25s,11m 20s,1,1,1,4,7,17,24,29.2%,57.1%,25%,43
playoffs_split1,ALGS Year 4 Split 1 Playoffs,https://apexlegendsstatus.com/algs/Y4-Split1/ALGS-Playoffs/Global/Overview,Y4-Split1,ALGS-Playoffs,Global,Overview,,,https://apexlegendsstatus.com/algs/Y4-Split1/ALGS-Playoffs/Global/Overview,overview,82,team_stats,Scores,36,wonton dumpling,30,1st,12.9,69,56,125,88,103,"39,254","43,229","-3,975",568.9,"2,736",16,4,0.76,1.49,91,19h 25m 19s,9m 33s,1,2,3,6,10,16,30,33.3%,60%,16.7%,67
playoffs_split1,ALGS Year 4 Split 1 Playoffs,https://apexlegendsstatus.com/algs/Y4-Split1/ALGS-Playoffs/Global/Overview,Y4-Split1,ALGS-Playoffs,Global,Overview,,,https://apexlegendsstatus.com/algs/Y4-Split1/ALGS-Playoffs/Global/Overview,overview,82,team_stats,Scores,37,RIDDLE ORDER,24,2nd,12.5,40,48,88,55,78,"27,683","32,006","-4,323",692.08,653,5,2,0.54,0.99,74,16h 50m 4s,9m 29s,0,3,3,5,10,12,24,41.7%,50%,0%,33
playoffs_split1,ALGS Year 4 Split 1 Playoffs,https://apexlegendsstatus.com/algs/Y4-Split1/ALGS-Playoffs/Global/Overview,Y4-Split1,ALGS-Playoffs,Global,Overview,,,https://apexlegendsstatus.com/algs/Y4-Split1/ALGS-Playoffs/Global/Overview,overview,82,team_stats,Scores,38,HEROEZ,30,1st,11.1,67,83,150,86,102,"44,123","48,265","-4,142",658.55,"4,933",13,6,0.73,1.32,92,22h 45m 28s,10m 22s,2,4,4,8,13,23,30,43.3%,61.5%,25%,54
playoffs_split1,ALGS Year 4 Split 1 Playoffs,https://apexlegendsstatus.com/algs/Y4-Split1/ALGS-Playoffs/Global/Overview,Y4-Split1,ALGS-Playoffs,Global,Overview,,,https://apexlegendsstatus.com/algs/Y4-Split1/ALGS-Playoffs/Global/Overview,overview,82,team_stats,Scores,39,HAO,24,2nd,11,37,50,87,46,79,"26,000","31,299","-5,299",702.7,"3,960",8,1,0.51,1.08,73,18h 36m 8s,13m 9s,0,1,1,4,14,19,24,58.3%,28.6%,0%,42
playoffs_split1,ALGS Year 4 Split 1 Playoffs,https://apexlegendsstatus.com/algs/Y4-Split1/ALGS-Playoffs/Global/Overview,Y4-Split1,ALGS-Playoffs,Global,Overview,,,https://apexlegendsstatus.com/algs/Y4-Split1/ALGS-Playoffs/Global/Overview,overview,82,team_stats,Scores,40,GEARED GAMING,30,1st,10.6,86,86,172,98,97,"41,175","44,824","-3,649",478.78,"2,681",13,2,1,1.95,86,23h 13m 26s,9m 52s,2,5,5,6,17,22,30,56.7%,35.3%,33.3%,82
midseason_ewc_split1,ALGS Year 4 Midseason Playoffs / EWC,https://apexlegendsstatus.com/algs/Y4-Split1/EWC/Global/Overview,Y4-Split1,EWC,Global,Overview,,,https://apexlegendsstatus.com/algs/Y4-Split1/EWC/Global/Overview,overview,96,team_stats,Top 10 Teams,1,GEEKAY ESPORTS,20,2nd,11.8,50,39,89,63,62,"28,023","26,886","1,137",560.46,"1,070",9,0,0.88,1.79,57,,11m 14s,0,0,0,2,6,8,10,45%,44.4%,0%,52
midseason_ewc_split1,ALGS Year 4 Midseason Playoffs / EWC,https://apexlegendsstatus.com/algs/Y4-Split1/EWC/Global/Overview,Y4-Split1,EWC,Global,Overview,,,https://apexlegendsstatus.com/algs/Y4-Split1/EWC/Global/Overview,overview,96,team_stats,Top 10 Teams,2,GaiminGladiators,23,1st,9.6,89,79,168,99,72,"44,334","42,903","1,431",498.13,"3,544",18,1,1.46,3.23,61,,9m 51s,2,4,6,8,13,16,23,56.5%,61.5%,25%,108
midseason_ewc_split1,ALGS Year 4 Midseason Playoffs / EWC,https://apexlegendsstatus.com/algs/Y4-Split1/EWC/Global/Overview,Y4-Split1,EWC,Global,Overview,,,https://apexlegendsstatus.com/algs/Y4-Split1/EWC/Global/Overview,overview,96,team_stats,Top 10 Teams,3,Red Rams,20,1st,12.4,46,39,85,56,57,"23,558","18,516","5,042",512.13,"6,528",3,2,0.82,1.66,56,,11m 1s,1,1,2,4,7,11,20,35%,57.1%,25%,47
midseason_ewc_split1,ALGS Year 4 Midseason Playoffs / EWC,https://apexlegendsstatus.com/algs/Y4-Split1/EWC/Global/Overview,Y4-Split1,EWC,Global,Overview,,,https://apexlegendsstatus.com/algs/Y4-Split1/EWC/Global/Overview,overview,96,team_stats,Top 10 Teams,4,MKERS,20,1st,12.8,36,38,74,46,58,"26,793","21,966","4,827",744.25,"2,703",5,1,0.65,1.29,55,,13m 47s,0,1,1,2,3,6,10,25%,60%,33.3%,35
midseason_ewc_split1,ALGS Year 4 Midseason Playoffs / EWC,https://apexlegendsstatus.com/algs/Y4-Split1/EWC/Global/Overview,Y4-Split1,EWC,Global,Overview,,,https://apexlegendsstatus.com/algs/Y4-Split1/EWC/Global/Overview,overview,96,team_stats,Top 10 Teams,5,Reject Winnity,10,4th,14.5,8,11,19,14,34,"10,359","10,807",-448,1294.88,"1,060",4,3,0.27,0.53,30,,10m 30s,0,0,0,1,3,4,10,30%,33.3%,0%,8
midseason_ewc_split1,ALGS Year 4 Midseason Playoffs / EWC,https://apexlegendsstatus.com/algs/Y4-Split1/EWC/Global/Overview,Y4-Split1,EWC,Global,Overview,,,https://apexlegendsstatus.com/algs/Y4-Split1/EWC/Global/Overview,overview,96,team_stats,Top 10 Teams,6,Team Falcons,23,1st,6.4,122,123,245,144,72,"66,123","46,085","20,038",541.99,"2,413",15,0,2.26,4.78,54,,9m 56s,4,8,9,12,17,22,23,73.9%,70.6%,33.3%,136
midseason_ewc_split1,ALGS Year 4 Midseason Playoffs / EWC,https://apexlegendsstatus.com/algs/Y4-Split1/EWC/Global/Overview,Y4-Split1,EWC,Global,Overview,,,https://apexlegendsstatus.com/algs/Y4-Split1/EWC/Global/Overview,overview,96,team_stats,Top 10 Teams,7,Luminosity Gaming,23,1st,8.3,76,92,168,93,76,"48,990","45,491","3,499",644.61,"1,607",14,3,1.15,2.26,66,,11m 5s,1,3,9,10,14,19,23,60.9%,71.4%,10%,73
midseason_ewc_split1,ALGS Year 4 Midseason Playoffs / EWC,https://apexlegendsstatus.com/algs/Y4-Split1/EWC/Global/Overview,Y4-Split1,EWC,Global,Overview,,,https://apexlegendsstatus.com/algs/Y4-Split1/EWC/Global/Overview,overview,96,team_stats,Top 10 Teams,8,FaZe,23,1st,9.2,67,72,139,83,71,"46,279","36,802","9,477",690.73,"1,470",11,1,1.08,1.98,62,,11m 39s,2,3,3,8,13,18,23,56.5%,61.5%,25%,56
midseason_ewc_split1,ALGS Year 4 Midseason Playoffs / EWC,https://apexlegendsstatus.com/algs/Y4-Split1/EWC/Global/Overview,Y4-Split1,EWC,Global,Overview,,,https://apexlegendsstatus.com/algs/Y4-Split1/EWC/Global/Overview,overview,96,team_stats,Top 10 Teams,9,Disguised,20,2nd,9.9,62,48,110,82,70,"35,491","27,408","8,083",572.44,"5,093",16,2,1.05,1.8,59,,11m 44s,0,1,1,4,13,16,20,65%,30.8%,0%,44
midseason_ewc_split1,ALGS Year 4 Midseason Playoffs / EWC,https://apexlegendsstatus.com/algs/Y4-Split1/EWC/Global/Overview,Y4-Split1,EWC,Global,Overview,,,https://apexlegendsstatus.com/algs/Y4-Split1/EWC/Global/Overview,overview,96,team_stats,Top 10 Teams,10,Pioneers,20,3rd,12.7,35,32,67,49,70,"25,601","23,767","1,834",731.46,"4,412",11,5,0.56,1.27,62,,8m 25s,0,0,1,5,6,13,20,30%,83.3%,0%,44
midseason_ewc_split1,ALGS Year 4 Midseason Playoffs / EWC,https://apexlegendsstatus.com/algs/Y4-Split1/EWC/Global/Overview,Y4-Split1,EWC,Global,Overview,,,https://apexlegendsstatus.com/algs/Y4-Split1/EWC/Global/Overview,overview,96,team_stats,Top 10 Teams,11,Evos Esports,20,4th,10.6,34,37,71,50,69,"27,501","29,299","-1,798",808.85,"4,418",8,7,0.53,0.92,64,,12m 36s,0,0,0,2,10,18,20,50%,20%,0%,25
midseason_ewc_split1,ALGS Year 4 Midseason Playoffs / EWC,https://apexlegendsstatus.com/algs/Y4-Split1/EWC/Global/Overview,Y4-Split1,EWC,Global,Overview,,,https://apexlegendsstatus.com/algs/Y4-Split1/EWC/Global/Overview,overview,96,team_stats,Top 10 Teams,12,Aurora,23,1st,9.8,80,75,155,89,78,"36,979","33,639","3,340",462.24,"12,495",23,5,1.29,2.45,62,,9m 50s,3,4,4,6,12,19,23,52.2%,50%,50%,72
midseason_ewc_split1,ALGS Year 4 Midseason Playoffs / EWC,https://apexlegendsstatus.com/algs/Y4-Split1/EWC/Global/Overview,Y4-Split1,EWC,Global,Overview,,,https://apexlegendsstatus.com/algs/Y4-Split1/EWC/Global/Overview,overview,96,team_stats,Top 10 Teams,13,E-XOLOS LAZER,23,3rd,10.7,59,46,105,75,77,"46,071","40,544","5,527",780.86,"2,721",13,2,0.87,1.84,68,,12m 16s,0,0,2,3,12,18,23,52.2%,25%,0%,66
midseason_ewc_split1,ALGS Year 4 Midseason Playoffs / EWC,https://apexlegendsstatus.com/algs/Y4-Split1/EWC/Global/Overview,Y4-Split1,EWC,Global,Overview,,,https://apexlegendsstatus.com/algs/Y4-Split1/EWC/Global/Overview,overview,96,team_stats,Top 10 Teams,14,Team Liquid,23,1st,9.1,107,79,186,127,78,"55,484","40,741","14,743",518.54,"2,943",15,1,1.67,3.58,64,,11m 52s,2,3,4,9,13,19,23,56.5%,69.2%,22.2%,122
midseason_ewc_split1,ALGS Year 4 Midseason Playoffs / EWC,https://apexlegendsstatus.com/algs/Y4-Split1/EWC/Global/Overview,Y4-Split1,EWC,Global,Overview,,,https://apexlegendsstatus.com/algs/Y4-Split1/EWC/Global/Overview,overview,96,team_stats,Top 10 Teams,15,Twisted Minds,23,1st,9.4,92,86,178,107,81,"47,086","43,467","3,619",511.8,"3,410",19,7,1.44,2.97,64,,11m 28s,3,5,6,7,14,18,23,60.9%,50%,42.9%,98
midseason_ewc_split1,ALGS Year 4 Midseason Playoffs / EWC,https://apexlegendsstatus.com/algs/Y4-Split1/EWC/Global/Overview,Y4-Split1,EWC,Global,Overview,,,https://apexlegendsstatus.com/algs/Y4-Split1/EWC/Global/Overview,overview,96,team_stats,Top 10 Teams,16,Crazy Raccoon,20,1st,12.6,50,41,91,61,59,"31,903","23,623","8,280",638.06,"3,578",7,1,0.94,2,53,,9m 23s,1,1,1,1,3,8,10,30%,33.3%,100%,56
midseason_ewc_split1,ALGS Year 4 Midseason Playoffs / EWC,https://apexlegendsstatus.com/algs/Y4-Split1/EWC/Global/Overview,Y4-Split1,EWC,Global,Overview,,,https://apexlegendsstatus.com/algs/Y4-Split1/EWC/Global/Overview,overview,96,team_stats,Top 10 Teams,17,Ninjas in Pyjamas,20,1st,12.7,44,43,87,49,65,"30,343","28,518","1,825",689.61,957,11,2,0.79,1.64,56,,10m 23s,1,2,3,4,7,11,20,35%,57.1%,25%,48
midseason_ewc_split1,ALGS Year 4 Midseason Playoffs / EWC,https://apexlegendsstatus.com/algs/Y4-Split1/EWC/Global/Overview,Y4-Split1,EWC,Global,Overview,,,https://apexlegendsstatus.com/algs/Y4-Split1/EWC/Global/Overview,overview,96,team_stats,Top 10 Teams,18,FENNEL,20,3rd,10.7,45,43,88,64,70,"32,038","33,200","-1,162",711.96,"2,190",10,6,0.71,1.22,63,,9m 45s,0,0,2,3,11,15,20,55%,27.3%,0%,32
midseason_ewc_split1,ALGS Year 4 Midseason Playoffs / EWC,https://apexlegendsstatus.com/algs/Y4-Split1/EWC/Global/Overview,Y4-Split1,EWC,Global,Overview,,,https://apexlegendsstatus.com/algs/Y4-Split1/EWC/Global/Overview,overview,96,team_stats,Top 10 Teams,19,RIDDLE ORDER,10,6th,12.6,11,11,22,20,36,"13,149","16,221","-3,072",1195.36,241,4,2,0.34,0.59,32,,12m 3s,0,0,0,0,3,7,10,30%,0%,0%,8
midseason_ewc_split1,ALGS Year 4 Midseason Playoffs / EWC,https://apexlegendsstatus.com/algs/Y4-Split1/EWC/Global/Overview,Y4-Split1,EWC,Global,Overview,,,https://apexlegendsstatus.com/algs/Y4-Split1/EWC/Global/Overview,overview,96,team_stats,Top 10 Teams,20,NORTHEPTION,20,2nd,10.4,58,62,120,65,71,"34,202","28,206","5,996",589.69,"1,346",10,2,0.94,2,62,,10m 56s,0,3,5,7,11,14,20,55%,63.6%,0%,66
midseason_ewc_split1,ALGS Year 4 Midseason Playoffs / EWC,https://apexlegendsstatus.com/algs/Y4-Split1/EWC/Global/Overview,Y4-Split1,EWC,Global,Overview,,,https://apexlegendsstatus.com/algs/Y4-Split1/EWC/Global/Overview,overview,96,team_stats,Top 10 Teams,21,NRG,20,1st,10.5,55,50,105,71,69,"38,314","38,147",167,696.62,"1,788",13,3,0.92,1.85,60,,11m 27s,1,1,1,5,12,16,20,60%,41.7%,20%,56
midseason_ewc_split1,ALGS Year 4 Midseason Playoffs / EWC,https://apexlegendsstatus.com/algs/Y4-Split1/EWC/Global/Overview,Y4-Split1,EWC,Global,Overview,,,https://apexlegendsstatus.com/algs/Y4-Split1/EWC/Global/Overview,overview,96,team_stats,Top 10 Teams,22,Dragons Esports,23,1st,10.9,67,52,119,82,85,"37,544","42,036","-4,492",560.36,"2,707",18,2,0.97,2.01,69,,11m 43s,1,1,3,4,10,18,23,43.5%,40%,25%,72
midseason_ewc_split1,ALGS Year 4 Midseason Playoffs / EWC,https://apexlegendsstatus.com/algs/Y4-Split1/EWC/Global/Overview,Y4-Split1,EWC,Global,Overview,,,https://apexlegendsstatus.com/algs/Y4-Split1/EWC/Global/Overview,overview,96,team_stats,Top 10 Teams,23,Weibo Gaming,20,1st,14,45,30,75,66,65,"26,797","26,156",641,595.49,"2,429",7,3,0.75,1.57,60,,9m 47s,1,1,2,2,4,11,20,20%,50%,50%,49
midseason_ewc_split1,ALGS Year 4 Midseason Playoffs / EWC,https://apexlegendsstatus.com/algs/Y4-Split1/EWC/Global/Overview,Y4-Split1,EWC,Global,Overview,,,https://apexlegendsstatus.com/algs/Y4-Split1/EWC/Global/Overview,overview,96,team_stats,Top 10 Teams,24,LGD GAMING,23,1st,11.5,58,51,109,68,84,"36,275","34,643","1,632",625.43,"2,858",11,5,0.82,1.8,71,,11m 44s,1,1,2,4,10,18,23,43.5%,40%,25%,70
midseason_ewc_split1,ALGS Year 4 Midseason Playoffs / EWC,https://apexlegendsstatus.com/algs/Y4-Split1/EWC/Global/Overview,Y4-Split1,EWC,Global,Overview,,,https://apexlegendsstatus.com/algs/Y4-Split1/EWC/Global/Overview,overview,96,team_stats,Top 10 Teams,25,Blacklist International,23,3rd,12.1,51,45,96,67,78,"32,468","38,220","-5,752",636.63,"1,751",10,1,0.73,1.51,70,,10m 34s,0,0,2,6,10,13,23,43.5%,60%,0%,55
midseason_ewc_split1,ALGS Year 4 Midseason Playoffs / EWC,https://apexlegendsstatus.com/algs/Y4-Split1/EWC/Global/Overview,Y4-Split1,EWC,Global,Overview,,,https://apexlegendsstatus.com/algs/Y4-Split1/EWC/Global/Overview,overview,96,team_stats,Top 10 Teams,26,Mizuchi,23,1st,9.8,65,76,141,83,79,"49,665","41,081","8,584",764.08,"3,710",14,4,0.97,2.07,67,,12m 44s,2,4,5,8,10,19,23,43.5%,80%,25%,74
midseason_ewc_split1,ALGS Year 4 Midseason Playoffs / EWC,https://apexlegendsstatus.com/algs/Y4-Split1/EWC/Global/Overview,Y4-Split1,EWC,Global,Overview,,,https://apexlegendsstatus.com/algs/Y4-Split1/EWC/Global/Overview,overview,96,team_stats,Top 10 Teams,27,TIE,20,2nd,11.5,33,38,71,46,65,"28,154","29,007",-853,853.15,"1,293",3,4,0.52,0.98,64,,11m 49s,0,1,1,3,9,15,20,45%,33.3%,0%,30
midseason_ewc_split1,ALGS Year 4 Midseason Playoffs / EWC,https://apexlegendsstatus.com/algs/Y4-Split1/EWC/Global/Overview,Y4-Split1,EWC,Global,Overview,,,https://apexlegendsstatus.com/algs/Y4-Split1/EWC/Global/Overview,overview,96,team_stats,Top 10 Teams,28,Virtus.Pro,20,1st,10,55,57,112,62,60,"28,360","28,519",-159,515.64,"2,554",2,0,0.96,1.68,57,,14m 23s,1,3,3,5,9,16,20,45%,55.6%,20%,41
midseason_ewc_split1,ALGS Year 4 Midseason Playoffs / EWC,https://apexlegendsstatus.com/algs/Y4-Split1/EWC/Global/Overview,Y4-Split1,EWC,Global,Overview,,,https://apexlegendsstatus.com/algs/Y4-Split1/EWC/Global/Overview,overview,96,team_stats,Top 10 Teams,29,SpaceStation Gaming,33,1st,11.2,97,73,170,119,110,"61,518","49,199","12,319",634.21,"3,699",17,2,1.02,2.22,95,,12m 22s,2,2,2,6,16,22,33,48.5%,37.5%,33.3%,114
midseason_ewc_split1,ALGS Year 4 Midseason Playoffs / EWC,https://apexlegendsstatus.com/algs/Y4-Split1/EWC/Global/Overview,Y4-Split1,EWC,Global,Overview,,,https://apexlegendsstatus.com/algs/Y4-Split1/EWC/Global/Overview,overview,96,team_stats,Top 10 Teams,30,DMS,23,1st,8.5,61,91,152,81,73,"49,616","46,111","3,505",813.38,"2,626",10,3,0.91,1.6,67,,13m 31s,2,4,8,9,14,19,23,60.9%,64.3%,22.2%,46
midseason_ewc_split1,ALGS Year 4 Midseason Playoffs / EWC,https://apexlegendsstatus.com/algs/Y4-Split1/EWC/Global/Overview,Y4-Split1,EWC,Global,Overview,,,https://apexlegendsstatus.com/algs/Y4-Split1/EWC/Global/Overview,overview,96,team_stats,Top 10 Teams,31,HEROEZ,20,2nd,11.3,31,41,72,37,62,"26,864","32,327","-5,463",866.58,739,4,0,0.52,0.95,60,,10m 38s,0,1,2,4,9,16,20,45%,44.4%,0%,26
midseason_ewc_split1,ALGS Year 4 Midseason Playoffs / EWC,https://apexlegendsstatus.com/algs/Y4-Split1/EWC/Global/Overview,Y4-Split1,EWC,Global,Overview,,,https://apexlegendsstatus.com/algs/Y4-Split1/EWC/Global/Overview,overview,96,team_stats,Top 10 Teams,32,TSM,20,1st,10.5,68,62,130,78,64,"31,400","27,306","4,094",461.76,"3,989",7,2,1.15,2.29,59,,10m 59s,1,4,5,6,8,16,20,40%,75%,16.7%,67
midseason_ewc_split1,ALGS Year 4 Midseason Playoffs / EWC,https://apexlegendsstatus.com/algs/Y4-Split1/EWC/Global/Overview,Y4-Split1,EWC,Global,Overview,,,https://apexlegendsstatus.com/algs/Y4-Split1/EWC/Global/Overview,overview,96,team_stats,Top 10 Teams,33,HAO,20,2nd,9.8,56,49,105,71,70,"31,138","31,195",-57,556.04,807,11,3,0.89,2.03,63,,13m 47s,0,1,2,3,12,16,20,60%,25%,0%,72
midseason_ewc_split1,ALGS Year 4 Midseason Playoffs / EWC,https://apexlegendsstatus.com/algs/Y4-Split1/EWC/Global/Overview,Y4-Split1,EWC,Global,Overview,,,https://apexlegendsstatus.com/algs/Y4-Split1/EWC/Global/Overview,overview,96,team_stats,Top 10 Teams,34,Natus Vincere,20,2nd,12.3,60,40,100,68,72,"28,032","29,313","-1,281",467.2,"5,052",7,5,0.92,1.91,65,,9m 58s,0,2,2,3,8,14,20,40%,37.5%,0%,64
midseason_ewc_split1,ALGS Year 4 Midseason Playoffs / EWC,https://apexlegendsstatus.com/algs/Y4-Split1/EWC/Global/Overview,Y4-Split1,EWC,Global,Overview,,,https://apexlegendsstatus.com/algs/Y4-Split1/EWC/Global/Overview,overview,96,team_stats,Top 10 Teams,35,FNATIC,23,1st,12.7,57,40,97,79,71,"38,999","27,185","11,814",684.19,"6,309",6,0,0.86,1.8,66,,11m 7s,1,1,1,4,7,13,23,30.4%,57.1%,25%,62
midseason_ewc_split1,ALGS Year 4 Midseason Playoffs / EWC,https://apexlegendsstatus.com/algs/Y4-Split1/EWC/Global/Overview,Y4-Split1,EWC,Global,Overview,,,https://apexlegendsstatus.com/algs/Y4-Split1/EWC/Global/Overview,overview,96,team_stats,Top 10 Teams,36,EXO Clan,23,1st,8.5,77,83,160,91,73,"45,748","38,457","7,291",594.13,805,9,2,1.18,2.37,65,,11m 30s,2,4,5,6,16,21,23,69.6%,37.5%,33.3%,77
midseason_ewc_split1,ALGS Year 4 Midseason Playoffs / EWC,https://apexlegendsstatus.com/algs/Y4-Split1/EWC/Global/Overview,Y4-Split1,EWC,Global,Overview,,,https://apexlegendsstatus.com/algs/Y4-Split1/EWC/Global/Overview,overview,96,team_stats,Top 10 Teams,37,Alliance,23,1st,6.9,110,100,210,126,75,"57,689","42,409","15,280",524.45,"5,908",13,2,1.69,3.2,65,,11m 29s,2,4,6,11,18,22,23,78.3%,61.1%,18.2%,98
midseason_ewc_split1,ALGS Year 4 Midseason Playoffs / EWC,https://apexlegendsstatus.com/algs/Y4-Split1/EWC/Global/Overview,Y4-Split1,EWC,Global,Overview,,,https://apexlegendsstatus.com/algs/Y4-Split1/EWC/Global/Overview,overview,96,team_stats,Top 10 Teams,38,Guild Esports,33,1st,7.6,89,134,223,103,100,"60,243","47,475","12,768",676.89,"4,248",11,4,0.96,1.86,93,,10m 47s,2,5,6,12,19,21,23,69.7%,60.9%,21.4%,84
midseason_ewc_split1,ALGS Year 4 Midseason Playoffs / EWC,https://apexlegendsstatus.com/algs/Y4-Split1/EWC/Global/Overview,Y4-Split1,EWC,Global,Overview,,,https://apexlegendsstatus.com/algs/Y4-Split1/EWC/Global/Overview,overview,96,team_stats,Top 10 Teams,39,GHS Professional,23,3rd,11.2,44,46,90,59,75,"30,775","31,490",-715,699.43,835,9,3,0.64,1.39,69,,13m 36s,0,0,0,2,6,8,13,52.2%,33.3%,0%,52
midseason_ewc_split1,ALGS Year 4 Midseason Playoffs / EWC,https://apexlegendsstatus.com/algs/Y4-Split1/EWC/Global/Overview,Y4-Split1,EWC,Global,Overview,,,https://apexlegendsstatus.com/algs/Y4-Split1/EWC/Global/Overview,overview,96,team_stats,Top 10 Teams,40,Elev8 x Bleed,23,1st,10.2,84,68,152,99,79,"38,180","38,190",-10,454.52,"4,501",12,2,1.22,2.62,69,,12m 11s,0,1,2,3,8,10,13,60.9%,42.9%,16.7%,97
playoffs_split2,ALGS Year 4 Split 2 Playoffs,https://apexlegendsstatus.com/algs/Y4-Split2/ALGS-Playoffs/Global/Overview,Y4-Split2,ALGS-Playoffs,Global,Overview,,,https://apexlegendsstatus.com/algs/Y4-Split2/ALGS-Playoffs/Global/Overview,overview,84,team_stats,Scores,1,shadow3690,30,1st,11,83,70,153,94,108,"44,810","48,561","-3,751",539.88,"3,875",15,13,0.86,1.91,97,24h 16m 46s,,1,3,3,6,14,22,30,46.7%,42.9%,16.7%,102
playoffs_split2,ALGS Year 4 Split 2 Playoffs,https://apexlegendsstatus.com/algs/Y4-Split2/ALGS-Playoffs/Global/Overview,Y4-Split2,ALGS-Playoffs,Global,Overview,,,https://apexlegendsstatus.com/algs/Y4-Split2/ALGS-Playoffs/Global/Overview,overview,84,team_stats,Scores,2,Pioneers,24,2nd,10.1,58,52,110,80,86,"41,662","36,915","4,747",718.31,"3,425",13,4,0.76,1.54,76,21h 50m 49s,,0,1,2,5,11,20,24,45.8%,45.5%,0%,59
playoffs_split2,ALGS Year 4 Split 2 Playoffs,https://apexlegendsstatus.com/algs/Y4-Split2/ALGS-Playoffs/Global/Overview,Y4-Split2,ALGS-Playoffs,Global,Overview,,,https://apexlegendsstatus.com/algs/Y4-Split2/ALGS-Playoffs/Global/Overview,overview,84,team_stats,Scores,3,OLIMPO,24,2nd,12.5,46,43,89,59,85,"28,383","35,765","-7,382",617.02,"3,638",7,6,0.59,1.24,78,18h 51m 12s,,0,1,3,4,7,15,24,29.2%,57.1%,0%,51
playoffs_split2,ALGS Year 4 Split 2 Playoffs,https://apexlegendsstatus.com/algs/Y4-Split2/ALGS-Playoffs/Global/Overview,Y4-Split2,ALGS-Playoffs,Global,Overview,,,https://apexlegendsstatus.com/algs/Y4-Split2/ALGS-Playoffs/Global/Overview,overview,84,team_stats,Scores,4,FNATIC,40,1st,10.2,138,113,251,168,137,"86,268","67,285","18,983",625.13,"8,659",26,8,1.16,2.56,119,33h 58m 21s,,2,3,6,13,20,31,40,50%,65%,15.4%,167
playoffs_split2,ALGS Year 4 Split 2 Playoffs,https://apexlegendsstatus.com/algs/Y4-Split2/ALGS-Playoffs/Global/Overview,Y4-Split2,ALGS-Playoffs,Global,Overview,,,https://apexlegendsstatus.com/algs/Y4-Split2/ALGS-Playoffs/Global/Overview,overview,84,team_stats,Scores,5,NRG,34,1st,8.1,89,129,218,121,110,"66,969","59,909","7,060",752.46,"2,989",14,2,0.91,1.49,98,31h 10m 23s,,2,7,9,12,23,30,34,67.6%,52.2%,16.7%,57
playoffs_split2,ALGS Year 4 Split 2 Playoffs,https://apexlegendsstatus.com/algs/Y4-Split2/ALGS-Playoffs/Global/Overview,Y4-Split2,ALGS-Playoffs,Global,Overview,,,https://apexlegendsstatus.com/algs/Y4-Split2/ALGS-Playoffs/Global/Overview,overview,84,team_stats,Scores,6,SWQ,30,1st,13.9,56,36,92,71,93,"40,043","36,453","3,590",715.05,"4,560",5,5,0.63,1.42,89,21h 42m 39s,,1,1,1,1,8,15,30,26.7%,12.5%,100%,70
playoffs_split2,ALGS Year 4 Split 2 Playoffs,https://apexlegendsstatus.com/algs/Y4-Split2/ALGS-Playoffs/Global/Overview,Y4-Split2,ALGS-Playoffs,Global,Overview,,,https://apexlegendsstatus.com/algs/Y4-Split2/ALGS-Playoffs/Global/Overview,overview,84,team_stats,Scores,7,MKERS,40,1st,11.6,84,90,174,109,132,"53,595","52,794",801,638.04,"5,223",16,7,0.69,1.53,121,32h 37m 6s,,1,3,6,7,17,28,40,42.5%,41.2%,14.3%,101
playoffs_split2,ALGS Year 4 Split 2 Playoffs,https://apexlegendsstatus.com/algs/Y4-Split2/ALGS-Playoffs/Global/Overview,Y4-Split2,ALGS-Playoffs,Global,Overview,,,https://apexlegendsstatus.com/algs/Y4-Split2/ALGS-Playoffs/Global/Overview,overview,84,team_stats,Scores,8,GoNext Esports,30,1st,12,84,64,148,101,96,"42,173","37,415","4,758",502.06,"2,438",11,1,0.99,2.2,85,24h 3m 54s,,1,3,4,5,10,20,30,33.3%,50%,20%,103
playoffs_split2,ALGS Year 4 Split 2 Playoffs,https://apexlegendsstatus.com/algs/Y4-Split2/ALGS-Playoffs/Global/Overview,Y4-Split2,ALGS-Playoffs,Global,Overview,,,https://apexlegendsstatus.com/algs/Y4-Split2/ALGS-Playoffs/Global/Overview,overview,84,team_stats,Scores,9,REJECT WINNITYJP,30,1st,11.1,48,70,118,59,99,"35,688","42,879","-7,191",743.5,"1,699",12,5,0.53,1.09,90,24h 36m 16s,,1,2,3,7,13,23,30,43.3%,53.8%,14.3%,50
playoffs_split2,ALGS Year 4 Split 2 Playoffs,https://apexlegendsstatus.com/algs/Y4-Split2/ALGS-Playoffs/Global/Overview,Y4-Split2,ALGS-Playoffs,Global,Overview,,,https://apexlegendsstatus.com/algs/Y4-Split2/ALGS-Playoffs/Global/Overview,overview,84,team_stats,Scores,10,ENTER FORCE.36,34,1st,9.9,102,94,196,117,123,"53,318","57,323","-4,005",522.73,"4,083",20,6,0.97,2.16,105,29h 14m 26s,,1,3,6,9,16,29,34,47.1%,56.3%,11.1%,125
playoffs_split2,ALGS Year 4 Split 2 Playoffs,https://apexlegendsstatus.com/algs/Y4-Split2/ALGS-Playoffs/Global/Overview,Y4-Split2,ALGS-Playoffs,Global,Overview,,,https://apexlegendsstatus.com/algs/Y4-Split2/ALGS-Playoffs/Global/Overview,overview,84,team_stats,Scores,11,HAO,30,2nd,11.7,78,58,136,103,100,"41,255","37,688","3,567",528.91,"1,560",12,2,0.88,1.89,89,23h 30m 8s,,0,1,2,6,14,19,29,46.7%,42.9%,0%,90
playoffs_split2,ALGS Year 4 Split 2 Playoffs,https://apexlegendsstatus.com/algs/Y4-Split2/ALGS-Playoffs/Global/Overview,Y4-Split2,ALGS-Playoffs,Global,Overview,,,https://apexlegendsstatus.com/algs/Y4-Split2/ALGS-Playoffs/Global/Overview,overview,84,team_stats,Scores,12,DreamFire,40,1st,10.8,106,94,200,126,130,"67,105","57,614","9,491",633.07,"5,166",17,3,0.91,1.91,117,33h 6m 52s,,1,1,5,9,21,28,40,52.5%,42.9%,11.1%,117
playoffs_split2,ALGS Year 4 Split 2 Playoffs,https://apexlegendsstatus.com/algs/Y4-Split2/ALGS-Playoffs/Global/Overview,Y4-Split2,ALGS-Playoffs,Global,Overview,,,https://apexlegendsstatus.com/algs/Y4-Split2/ALGS-Playoffs/Global/Overview,overview,84,team_stats,Scores,13,FURIA,34,1st,8.8,117,124,241,149,125,"68,499","62,732","5,767",585.46,"3,609",22,11,1.13,2.46,104,31h 50m 54s,,3,6,9,13,21,27,34,61.8%,61.9%,23.1%,139
playoffs_split2,ALGS Year 4 Split 2 Playoffs,https://apexlegendsstatus.com/algs/Y4-Split2/ALGS-Playoffs/Global/Overview,Y4-Split2,ALGS-Playoffs,Global,Overview,,,https://apexlegendsstatus.com/algs/Y4-Split2/ALGS-Playoffs/Global/Overview,overview,84,team_stats,Scores,14,LG,30,1st,9.1,100,103,203,120,101,"56,985","57,685",-700,569.85,"3,108",20,5,1.16,2.05,86,25h 17m 20s,,2,4,7,10,19,22,30,63.3%,52.6%,20%,76
playoffs_split2,ALGS Year 4 Split 2 Playoffs,https://apexlegendsstatus.com/algs/Y4-Split2/ALGS-Playoffs/Global/Overview,Y4-Split2,ALGS-Playoffs,Global,Overview,,,https://apexlegendsstatus.com/algs/Y4-Split2/ALGS-Playoffs/Global/Overview,overview,84,team_stats,Scores,15,NORTHEPTION,30,1st,11,56,64,120,84,103,"42,498","40,544","1,954",758.89,"2,544",13,7,0.61,1.12,92,24h 49m 11s,,1,1,3,5,13,23,30,43.3%,38.5%,20%,47
playoffs_split2,ALGS Year 4 Split 2 Playoffs,https://apexlegendsstatus.com/algs/Y4-Split2/ALGS-Playoffs/Global/Overview,Y4-Split2,ALGS-Playoffs,Global,Overview,,,https://apexlegendsstatus.com/algs/Y4-Split2/ALGS-Playoffs/Global/Overview,overview,84,team_stats,Scores,16,GaiminGladiators,34,1st,7.6,148,164,312,178,127,"73,777","77,955","-4,178",498.49,"1,987",41,4,1.68,3.35,88,32h 39m 56s,,6,8,12,18,24,27,34,70.6%,75%,33.3%,147
playoffs_split2,ALGS Year 4 Split 2 Playoffs,https://apexlegendsstatus.com/algs/Y4-Split2/ALGS-Playoffs/Global/Overview,Y4-Split2,ALGS-Playoffs,Global,Overview,,,https://apexlegendsstatus.com/algs/Y4-Split2/ALGS-Playoffs/Global/Overview,overview,84,team_stats,Scores,17,FA KIDS,24,4th,12,65,35,100,84,93,"35,231","40,690","-5,459",542.02,"7,407",19,9,0.8,1.63,81,19h 24m 11s,,0,0,0,1,9,18,24,37.5%,11.1%,0%,67
playoffs_split2,ALGS Year 4 Split 2 Playoffs,https://apexlegendsstatus.com/algs/Y4-Split2/ALGS-Playoffs/Global/Overview,Y4-Split2,ALGS-Playoffs,Global,Overview,,,https://apexlegendsstatus.com/algs/Y4-Split2/ALGS-Playoffs/Global/Overview,overview,84,team_stats,Scores,18,SSG,34,1st,9.8,125,120,245,154,104,"70,899","44,121","26,778",567.19,"4,655",16,2,1.4,3.26,89,29h 7m 32s,,5,6,7,12,17,26,34,50%,70.6%,41.7%,165
playoffs_split2,ALGS Year 4 Split 2 Playoffs,https://apexlegendsstatus.com/algs/Y4-Split2/ALGS-Playoffs/Global/Overview,Y4-Split2,ALGS-Playoffs,Global,Overview,,,https://apexlegendsstatus.com/algs/Y4-Split2/ALGS-Playoffs/Global/Overview,overview,84,team_stats,Scores,19,Natus Vincere,30,1st,9.8,97,114,211,121,97,"58,946","56,588","2,358",607.69,"2,541",24,3,1.29,2.65,75,25h 7m 33s,,5,6,8,12,17,20,30,56.7%,70.6%,41.7%,102
playoffs_split2,ALGS Year 4 Split 2 Playoffs,https://apexlegendsstatus.com/algs/Y4-Split2/ALGS-Playoffs/Global/Overview,Y4-Split2,ALGS-Playoffs,Global,Overview,,,https://apexlegendsstatus.com/algs/Y4-Split2/ALGS-Playoffs/Global/Overview,overview,84,team_stats,Scores,20,Complexity,40,1st,10.1,145,108,253,175,140,"86,120","74,981","11,139",593.93,"3,548",23,7,1.2,2.5,121,34h 32m 24s,,1,4,5,10,22,32,40,55%,45.5%,10%,157
playoffs_split2,ALGS Year 4 Split 2 Playoffs,https://apexlegendsstatus.com/algs/Y4-Split2/ALGS-Playoffs/Global/Overview,Y4-Split2,ALGS-Playoffs,Global,Overview,,,https://apexlegendsstatus.com/algs/Y4-Split2/ALGS-Playoffs/Global/Overview,overview,84,team_stats,Scores,21,GUILD,40,1st,8,123,150,273,146,154,"77,478","66,675","10,803",629.9,"5,188",25,27,0.91,1.92,135,35h 40m 8s,,3,6,9,16,27,35,40,67.5%,59.3%,18.8%,136
playoffs_split2,ALGS Year 4 Split 2 Playoffs,https://apexlegendsstatus.com/algs/Y4-Split2/ALGS-Playoffs/Global/Overview,Y4-Split2,ALGS-Playoffs,Global,Overview,,,https://apexlegendsstatus.com/algs/Y4-Split2/ALGS-Playoffs/Global/Overview,overview,84,team_stats,Scores,22,Alliance,40,1st,10.9,174,114,288,198,141,"77,135","65,725","11,410",443.3,"5,593",26,10,1.44,3.17,121,31h 19m 2s,,3,6,7,11,17,26,40,42.5%,64.7%,27.3%,209
playoffs_split2,ALGS Year 4 Split 2 Playoffs,https://apexlegendsstatus.com/algs/Y4-Split2/ALGS-Playoffs/Global/Overview,Y4-Split2,ALGS-Playoffs,Global,Overview,,,https://apexlegendsstatus.com/algs/Y4-Split2/ALGS-Playoffs/Global/Overview,overview,84,team_stats,Scores,23,Liquid Alienware,40,1st,11.7,95,81,176,114,137,"57,297","63,422","-6,125",603.13,"3,416",27,6,0.81,1.68,117,30h 47m 53s,,2,2,2,8,17,29,40,42.5%,47.1%,25%,101
playoffs_split2,ALGS Year 4 Split 2 Playoffs,https://apexlegendsstatus.com/algs/Y4-Split2/ALGS-Playoffs/Global/Overview,Y4-Split2,ALGS-Playoffs,Global,Overview,,,https://apexlegendsstatus.com/algs/Y4-Split2/ALGS-Playoffs/Global/Overview,overview,84,team_stats,Scores,24,Exo Clan,40,1st,10.7,113,93,206,133,137,"63,936","59,801","4,135",565.81,"1,960",19,8,0.93,2.13,122,31h 30m 10s,,1,3,4,7,21,31,40,52.5%,33.3%,14.3%,147
playoffs_split2,ALGS Year 4 Split 2 Playoffs,https://apexlegendsstatus.com/algs/Y4-Split2/ALGS-Playoffs/Global/Overview,Y4-Split2,ALGS-Playoffs,Global,Overview,,,https://apexlegendsstatus.com/algs/Y4-Split2/ALGS-Playoffs/Global/Overview,overview,84,team_stats,Scores,25,Not Moist,34,1st,8.4,187,139,326,219,125,"95,378","66,117","29,261",510.04,"6,507",23,9,1.8,3.8,104,31h 1m 51s,,3,8,10,13,21,29,34,61.8%,61.9%,23.1%,208
playoffs_split2,ALGS Year 4 Split 2 Playoffs,https://apexlegendsstatus.com/algs/Y4-Split2/ALGS-Playoffs/Global/Overview,Y4-Split2,ALGS-Playoffs,Global,Overview,,,https://apexlegendsstatus.com/algs/Y4-Split2/ALGS-Playoffs/Global/Overview,overview,84,team_stats,Scores,26,Cloud9,40,1st,9.5,121,131,252,142,123,"72,659","58,222","14,437",600.49,"2,465",11,3,1.08,2.33,112,33h 33m 18s,,3,6,9,10,21,36,40,52.5%,47.6%,30%,140
playoffs_split2,ALGS Year 4 Split 2 Playoffs,https://apexlegendsstatus.com/algs/Y4-Split2/ALGS-Playoffs/Global/Overview,Y4-Split2,ALGS-Playoffs,Global,Overview,,,https://apexlegendsstatus.com/algs/Y4-Split2/ALGS-Playoffs/Global/Overview,overview,84,team_stats,Scores,27,Noctem Scan,40,1st,11.3,120,97,217,144,132,"63,899","64,289",-390,532.49,"2,010",12,11,0.96,2.16,125,31h 17m 30s,,1,4,6,9,18,29,40,45%,50%,11.1%,150
playoffs_split2,ALGS Year 4 Split 2 Playoffs,https://apexlegendsstatus.com/algs/Y4-Split2/ALGS-Playoffs/Global/Overview,Y4-Split2,ALGS-Playoffs,Global,Overview,,,https://apexlegendsstatus.com/algs/Y4-Split2/ALGS-Playoffs/Global/Overview,overview,84,team_stats,Scores,28,Team Falcons,34,1st,11.4,124,89,213,147,119,"69,445","67,466","1,979",560.04,"1,796",26,2,1.31,2.74,95,27h 30m 47s,,3,5,5,7,14,23,34,41.2%,50%,42.9%,136
playoffs_split2,ALGS Year 4 Split 2 Playoffs,https://apexlegendsstatus.com/algs/Y4-Split2/ALGS-Playoffs/Global/Overview,Y4-Split2,ALGS-Playoffs,Global,Overview,,,https://apexlegendsstatus.com/algs/Y4-Split2/ALGS-Playoffs/Global/Overview,overview,84,team_stats,Scores,29,VK GAMING,34,1st,9.1,94,108,202,110,126,"66,265","58,174","8,091",704.95,"4,230",23,7,0.89,1.88,106,29h 18m 19s,,1,3,5,12,22,26,34,64.7%,54.5%,8.3%,105
playoffs_split2,ALGS Year 4 Split 2 Playoffs,https://apexlegendsstatus.com/algs/Y4-Split2/ALGS-Playoffs/Global/Overview,Y4-Split2,ALGS-Playoffs,Global,Overview,,,https://apexlegendsstatus.com/algs/Y4-Split2/ALGS-Playoffs/Global/Overview,overview,84,team_stats,Scores,30,BLEED Esports,34,1st,8.6,112,131,243,131,114,"60,224","61,183",-959,537.71,"3,537",23,2,1.18,2.18,95,31h 33m 50s,,3,7,9,11,23,28,34,67.6%,47.8%,27.3%,95
playoffs_split2,ALGS Year 4 Split 2 Playoffs,https://apexlegendsstatus.com/algs/Y4-Split2/ALGS-Playoffs/Global/Overview,Y4-Split2,ALGS-Playoffs,Global,Overview,,,https://apexlegendsstatus.com/algs/Y4-Split2/ALGS-Playoffs/Global/Overview,overview,84,team_stats,Scores,31,TSM,34,1st,8.9,156,123,279,186,117,"83,013","58,772","24,241",532.13,"4,570",16,6,1.53,3.5,102,31h 17m 57s,,2,6,7,13,22,29,34,64.7%,59.1%,15.4%,201
playoffs_split2,ALGS Year 4 Split 2 Playoffs,https://apexlegendsstatus.com/algs/Y4-Split2/ALGS-Playoffs/Global/Overview,Y4-Split2,ALGS-Playoffs,Global,Overview,,,https://apexlegendsstatus.com/algs/Y4-Split2/ALGS-Playoffs/Global/Overview,overview,84,team_stats,Scores,32,GHS Professional,24,3rd,11.1,40,44,84,47,77,"27,475","29,120","-1,645",686.88,"1,714",2,5,0.52,1.14,77,19h 32m 30s,,0,0,2,3,10,20,24,41.7%,30%,0%,48
playoffs_split2,ALGS Year 4 Split 2 Playoffs,https://apexlegendsstatus.com/algs/Y4-Split2/ALGS-Playoffs/Global/Overview,Y4-Split2,ALGS-Playoffs,Global,Overview,,,https://apexlegendsstatus.com/algs/Y4-Split2/ALGS-Playoffs/Global/Overview,overview,84,team_stats,Scores,33,XNY,24,6th,15.4,37,17,54,46,80,"26,350","30,823","-4,473",712.16,"2,526",4,4,0.49,1.05,76,15h 38m 18s,,0,0,0,0,5,10,24,20.8%,0%,0%,43
playoffs_split2,ALGS Year 4 Split 2 Playoffs,https://apexlegendsstatus.com/algs/Y4-Split2/ALGS-Playoffs/Global/Overview,Y4-Split2,ALGS-Playoffs,Global,Overview,,,https://apexlegendsstatus.com/algs/Y4-Split2/ALGS-Playoffs/Global/Overview,overview,84,team_stats,Scores,34,FaZe,24,1st,11.1,39,51,90,57,78,"41,044","39,257","1,787",1052.41,"1,273",4,6,0.52,0.93,75,19h 10m 5s,,1,1,1,5,12,18,24,50%,41.7%,20%,31
playoffs_split2,ALGS Year 4 Split 2 Playoffs,https://apexlegendsstatus.com/algs/Y4-Split2/ALGS-Playoffs/Global/Overview,Y4-Split2,ALGS-Playoffs,Global,Overview,,,https://apexlegendsstatus.com/algs/Y4-Split2/ALGS-Playoffs/Global/Overview,overview,84,team_stats,Scores,35,E-Xolos LAZER,30,1st,8.7,85,106,191,104,98,"59,671","54,961","4,710",702.01,"3,321",20,3,1.01,1.99,84,25h 8m 12s,,2,3,6,11,22,24,30,73.3%,50%,18.2%,82
playoffs_split2,ALGS Year 4 Split 2 Playoffs,https://apexlegendsstatus.com/algs/Y4-Split2/ALGS-Playoffs/Global/Overview,Y4-Split2,ALGS-Playoffs,Global,Overview,,,https://apexlegendsstatus.com/algs/Y4-Split2/ALGS-Playoffs/Global/Overview,overview,84,team_stats,Scores,36,STRIDERZ,24,3rd,14.1,26,26,52,38,84,"24,028","26,772","-2,744",924.15,"3,942",6,8,0.33,0.58,80,18h 8m 42s,,0,0,1,2,3,14,24,12.5%,66.7%,0%,20
playoffs_split2,ALGS Year 4 Split 2 Playoffs,https://apexlegendsstatus.com/algs/Y4-Split2/ALGS-Playoffs/Global/Overview,Y4-Split2,ALGS-Playoffs,Global,Overview,,,https://apexlegendsstatus.com/algs/Y4-Split2/ALGS-Playoffs/Global/Overview,overview,84,team_stats,Scores,37,Legends Gaming,30,1st,9.6,80,81,161,103,109,"49,414","53,471","-4,057",617.68,"1,906",17,9,0.86,1.84,93,25h 48m 37s,,1,1,3,8,18,26,30,60%,44.4%,12.5%,91
playoffs_split2,ALGS Year 4 Split 2 Playoffs,https://apexlegendsstatus.com/algs/Y4-Split2/ALGS-Playoffs/Global/Overview,Y4-Split2,ALGS-Playoffs,Global,Overview,,,https://apexlegendsstatus.com/algs/Y4-Split2/ALGS-Playoffs/Global/Overview,overview,84,team_stats,Scores,38,SSE-Xray,24,2nd,11.3,43,43,86,59,80,"32,168","32,710",-542,748.09,"3,128",7,2,0.58,1.04,74,20h 46m 36s,,0,1,1,3,12,18,24,50%,25%,0%,34
playoffs_split2,ALGS Year 4 Split 2 Playoffs,https://apexlegendsstatus.com/algs/Y4-Split2/ALGS-Playoffs/Global/Overview,Y4-Split2,ALGS-Playoffs,Global,Overview,,,https://apexlegendsstatus.com/algs/Y4-Split2/ALGS-Playoffs/Global/Overview,overview,84,team_stats,Scores,39,NOEZ FOXX,24,1st,12.8,40,47,87,58,81,"30,911","30,796",115,772.78,"2,569",11,5,0.54,1.04,74,18h 44m 57s,,1,2,3,3,9,15,24,37.5%,33.3%,33.3%,37
playoffs_split2,ALGS Year 4 Split 2 Playoffs,https://apexlegendsstatus.com/algs/Y4-Split2/ALGS-Playoffs/Global/Overview,Y4-Split2,ALGS-Playoffs,Global,Overview,,,https://apexlegendsstatus.com/algs/Y4-Split2/ALGS-Playoffs/Global/Overview,overview,84,team_stats,Scores,40,FENNEL,24,3rd,11.6,54,40,94,65,89,"32,662","38,232","-5,570",604.85,648,13,8,0.68,1.54,80,19h 18m 27s,,0,0,1,3,10,18,24,41.7%,30%,0%,69
championship_split2,ALGS Year 4 Championship,https://apexlegendsstatus.com/algs/Y4-Split2/ALGS-Championships/Global/Overview,Y4-Split2,ALGS-Championships,Global,Overview,,,https://apexlegendsstatus.com/algs/Y4-Split2/ALGS-Championships/Global/Overview,overview,82,team_stats,Scores,1,100 Thieves,34,1st,10.6,98,101,199,135,132,"80,630","72,912","7,718",822.76,"4,670",37,4,0.98,2,100,31h 33s,14m 4s,2,6,6,10,16,23,34,47.1%,62.5%,20%,102
championship_split2,ALGS Year 4 Championship,https://apexlegendsstatus.com/algs/Y4-Split2/ALGS-Championships/Global/Overview,Y4-Split2,ALGS-Championships,Global,Overview,,,https://apexlegendsstatus.com/algs/Y4-Split2/ALGS-Championships/Global/Overview,overview,82,team_stats,Scores,2,Team Falcons,43,1st,9.1,186,162,348,252,174,"120,886","103,255","17,631",649.92,"13,837",50,15,1.38,2.92,135,40h 6m 11s,11m 31s,3,8,15,16,24,34,43,55.8%,66.7%,18.8%,208
championship_split2,ALGS Year 4 Championship,https://apexlegendsstatus.com/algs/Y4-Split2/ALGS-Championships/Global/Overview,Y4-Split2,ALGS-Championships,Global,Overview,,,https://apexlegendsstatus.com/algs/Y4-Split2/ALGS-Championships/Global/Overview,overview,82,team_stats,Scores,3,ShopifyRebellion,35,1st,8,136,138,274,181,123,"111,362","75,722","35,640",818.84,"7,697",29,2,1.42,2.85,96,34h 46m 1s,13m 5s,4,7,9,13,24,29,35,68.6%,54.2%,30.8%,138
championship_split2,ALGS Year 4 Championship,https://apexlegendsstatus.com/algs/Y4-Split2/ALGS-Championships/Global/Overview,Y4-Split2,ALGS-Championships,Global,Overview,,,https://apexlegendsstatus.com/algs/Y4-Split2/ALGS-Championships/Global/Overview,overview,82,team_stats,Scores,4,GREEN STEGO,34,2nd,10.8,87,73,160,122,130,"66,863","56,082","10,781",768.54,"5,234",26,5,0.81,1.77,107,29h 53m 46s,11m 53s,0,1,3,6,18,25,34,52.9%,33.3%,0%,102
championship_split2,ALGS Year 4 Championship,https://apexlegendsstatus.com/algs/Y4-Split2/ALGS-Championships/Global/Overview,Y4-Split2,ALGS-Championships,Global,Overview,,,https://apexlegendsstatus.com/algs/Y4-Split2/ALGS-Championships/Global/Overview,overview,82,team_stats,Scores,5,Noctem,43,1st,12.3,155,110,265,196,151,"87,622","90,746","-3,124",565.3,"5,171",33,9,1.28,2.65,121,34h 33m 23s,10m 33s,6,6,7,10,13,25,43,30.2%,76.9%,60%,166
championship_split2,ALGS Year 4 Championship,https://apexlegendsstatus.com/algs/Y4-Split2/ALGS-Championships/Global/Overview,Y4-Split2,ALGS-Championships,Global,Overview,,,https://apexlegendsstatus.com/algs/Y4-Split2/ALGS-Championships/Global/Overview,overview,82,team_stats,Scores,6,FNATIC,43,1st,11.3,147,128,275,183,152,"92,535","74,429","18,106",629.49,"12,894",38,8,1.2,2.52,122,36h 51m 14s,11m 4s,5,6,8,12,20,27,43,46.5%,60%,41.7%,161
championship_split2,ALGS Year 4 Championship,https://apexlegendsstatus.com/algs/Y4-Split2/ALGS-Championships/Global/Overview,Y4-Split2,ALGS-Championships,Global,Overview,,,https://apexlegendsstatus.com/algs/Y4-Split2/ALGS-Championships/Global/Overview,overview,82,team_stats,Scores,7,Liquid Alienware,35,1st,11,102,91,193,144,124,"80,318","78,492","1,826",787.43,"6,674",28,4,0.99,2.18,103,31h 5m 55s,11m 38s,2,3,5,9,15,25,35,42.9%,60%,22.2%,123
championship_split2,ALGS Year 4 Championship,https://apexlegendsstatus.com/algs/Y4-Split2/ALGS-Championships/Global/Overview,Y4-Split2,ALGS-Championships,Global,Overview,,,https://apexlegendsstatus.com/algs/Y4-Split2/ALGS-Championships/Global/Overview,overview,82,team_stats,Scores,8,Aurora,35,1st,7.2,124,169,293,174,151,"89,935","91,073","-1,138",725.28,"17,087",56,12,1.25,2.55,99,34h 20m 46s,15m 13s,6,9,13,17,26,29,35,74.3%,65.4%,35.3%,128
championship_split2,ALGS Year 4 Championship,https://apexlegendsstatus.com/algs/Y4-Split2/ALGS-Championships/Global/Overview,Y4-Split2,ALGS-Championships,Global,Overview,,,https://apexlegendsstatus.com/algs/Y4-Split2/ALGS-Championships/Global/Overview,overview,82,team_stats,Scores,9,Virtus.pro,43,1st,11.3,153,106,259,211,197,"98,641","103,657","-5,016",644.71,"13,646",62,20,1.05,2.13,146,36h 28m 49s,9m 44s,1,4,7,10,19,31,43,44.2%,52.6%,10%,158
championship_split2,ALGS Year 4 Championship,https://apexlegendsstatus.com/algs/Y4-Split2/ALGS-Championships/Global/Overview,Y4-Split2,ALGS-Championships,Global,Overview,,,https://apexlegendsstatus.com/algs/Y4-Split2/ALGS-Championships/Global/Overview,overview,82,team_stats,Scores,10,GaiminGladiators,35,1st,10.7,87,98,185,125,130,"81,097","77,013","4,084",932.15,"3,037",37,5,0.86,1.71,101,29h 52m 28s,14m 21s,3,4,5,9,18,25,35,51.4%,50%,33.3%,86
championship_split2,ALGS Year 4 Championship,https://apexlegendsstatus.com/algs/Y4-Split2/ALGS-Championships/Global/Overview,Y4-Split2,ALGS-Championships,Global,Overview,,,https://apexlegendsstatus.com/algs/Y4-Split2/ALGS-Championships/Global/Overview,overview,82,team_stats,Scores,11,Exo Clan,43,1st,10.7,121,100,221,182,152,"96,592","76,092","20,500",798.28,"3,176",22,11,0.88,1.77,137,39h 1m 15s,12m 33s,1,2,5,8,21,35,43,48.8%,38.1%,12.5%,121
championship_split2,ALGS Year 4 Championship,https://apexlegendsstatus.com/algs/Y4-Split2/ALGS-Championships/Global/Overview,Y4-Split2,ALGS-Championships,Global,Overview,,,https://apexlegendsstatus.com/algs/Y4-Split2/ALGS-Championships/Global/Overview,overview,82,team_stats,Scores,12,GUILD,35,1st,8.8,124,121,245,194,118,"102,125","68,377","33,748",823.59,"2,833",25,1,1.28,2.39,97,33h 4m 14s,13m 44s,3,6,6,12,22,31,35,62.9%,54.5%,25%,108
championship_split2,ALGS Year 4 Championship,https://apexlegendsstatus.com/algs/Y4-Split2/ALGS-Championships/Global/Overview,Y4-Split2,ALGS-Championships,Global,Overview,,,https://apexlegendsstatus.com/algs/Y4-Split2/ALGS-Championships/Global/Overview,overview,82,team_stats,Scores,13,Cloud9,34,1st,9.4,106,98,204,143,118,"75,693","70,025","5,668",714.08,"1,690",21,4,1.03,2.03,103,33h 13m 39s,14m 33s,1,3,5,9,20,30,34,58.8%,45%,11.1%,103
championship_split2,ALGS Year 4 Championship,https://apexlegendsstatus.com/algs/Y4-Split2/ALGS-Championships/Global/Overview,Y4-Split2,ALGS-Championships,Global,Overview,,,https://apexlegendsstatus.com/algs/Y4-Split2/ALGS-Championships/Global/Overview,overview,82,team_stats,Scores,14,TSM,35,1st,10,122,104,226,161,124,"89,077","76,420","12,657",730.14,"3,677",29,2,1.21,2.59,101,32h 37m 56s,14m 49s,2,5,6,9,20,27,35,57.1%,45%,22.2%,140
championship_split2,ALGS Year 4 Championship,https://apexlegendsstatus.com/algs/Y4-Split2/ALGS-Championships/Global/Overview,Y4-Split2,ALGS-Championships,Global,Overview,,,https://apexlegendsstatus.com/algs/Y4-Split2/ALGS-Championships/Global/Overview,overview,82,team_stats,Scores,15,Alliance,35,1st,7.3,166,152,318,209,144,"99,662","90,746","8,916",600.37,"6,454",49,6,1.63,3.47,102,34h 14m 54s,13m 56s,3,8,10,18,24,32,35,68.6%,75%,16.7%,188
championship_split2,ALGS Year 4 Championship,https://apexlegendsstatus.com/algs/Y4-Split2/ALGS-Championships/Global/Overview,Y4-Split2,ALGS-Championships,Global,Overview,,,https://apexlegendsstatus.com/algs/Y4-Split2/ALGS-Championships/Global/Overview,overview,82,team_stats,Scores,16,GoNext,35,1st,8.6,126,128,254,168,138,"85,025","83,542","1,483",674.8,"5,668",36,14,1.21,2.35,104,33h 27m 5s,11m 12s,5,5,7,11,23,28,35,65.7%,47.8%,45.5%,118
championship_split2,ALGS Year 4 Championship,https://apexlegendsstatus.com/algs/Y4-Split2/ALGS-Championships/Global/Overview,Y4-Split2,ALGS-Championships,Global,Overview,,,https://apexlegendsstatus.com/algs/Y4-Split2/ALGS-Championships/Global/Overview,overview,82,team_stats,Scores,17,Complexity,43,1st,8.8,110,137,247,171,150,"116,851","81,772","35,079",1062.28,"2,700",28,2,0.86,1.69,128,40h 45m 13s,13m 3s,1,6,9,12,27,37,43,62.8%,44.4%,8.3%,106
championship_split2,ALGS Year 4 Championship,https://apexlegendsstatus.com/algs/Y4-Split2/ALGS-Championships/Global/Overview,Y4-Split2,ALGS-Championships,Global,Overview,,,https://apexlegendsstatus.com/algs/Y4-Split2/ALGS-Championships/Global/Overview,overview,82,team_stats,Scores,18,ENTER FORCE.36,35,1st,10.4,111,116,227,147,115,"64,812","50,601","14,211",583.89,"10,686",24,2,1.17,2.47,95,29h 40m 24s,10m 51s,4,7,7,12,18,23,35,51.4%,66.7%,33.3%,124
championship_split2,ALGS Year 4 Championship,https://apexlegendsstatus.com/algs/Y4-Split2/ALGS-Championships/Global/Overview,Y4-Split2,ALGS-Championships,Global,Overview,,,https://apexlegendsstatus.com/algs/Y4-Split2/ALGS-Championships/Global/Overview,overview,82,team_stats,Scores,19,CRAZY RACCOON,34,1st,11.4,109,74,183,146,130,"87,540","59,908","27,632",803.12,"5,542",36,1,1.09,2.36,100,30h 45m 52s,12m 43s,1,2,3,7,15,25,34,44.1%,46.7%,14.3%,127
championship_split2,ALGS Year 4 Championship,https://apexlegendsstatus.com/algs/Y4-Split2/ALGS-Championships/Global/Overview,Y4-Split2,ALGS-Championships,Global,Overview,,,https://apexlegendsstatus.com/algs/Y4-Split2/ALGS-Championships/Global/Overview,overview,82,team_stats,Scores,20,FURIA,35,1st,7.6,124,123,247,164,140,"75,807","78,002","-2,195",611.35,"8,357",34,9,1.12,2.16,111,35h 29m 8s,13m 38s,1,3,5,16,25,33,35,71.4%,64%,6.3%,116
championship_split2,ALGS Year 4 Championship,https://apexlegendsstatus.com/algs/Y4-Split2/ALGS-Championships/Global/Overview,Y4-Split2,ALGS-Championships,Global,Overview,,,https://apexlegendsstatus.com/algs/Y4-Split2/ALGS-Championships/Global/Overview,overview,82,team_stats,Scores,21,DreamFire,26,3rd,11.4,53,50,103,77,105,"43,841","42,555","1,286",827.19,"6,401",29,1,0.67,1.51,79,22h 51m 31s,13m 31s,0,0,2,4,12,20,26,46.2%,33.3%,0%,66
championship_split2,ALGS Year 4 Championship,https://apexlegendsstatus.com/algs/Y4-Split2/ALGS-Championships/Global/Overview,Y4-Split2,ALGS-Championships,Global,Overview,,,https://apexlegendsstatus.com/algs/Y4-Split2/ALGS-Championships/Global/Overview,overview,82,team_stats,Scores,22,Meteor,26,2nd,13,39,38,77,61,94,"36,235","40,945","-4,710",929.1,"6,380",12,6,0.46,0.96,84,23h 6m 10s,11m 9s,0,1,1,3,6,18,26,23.1%,50%,0%,42
championship_split2,ALGS Year 4 Championship,https://apexlegendsstatus.com/algs/Y4-Split2/ALGS-Championships/Global/Overview,Y4-Split2,ALGS-Championships,Global,Overview,,,https://apexlegendsstatus.com/algs/Y4-Split2/ALGS-Championships/Global/Overview,overview,82,team_stats,Scores,23,SOURCE XNY,26,2nd,10.9,64,61,125,102,108,"60,294","61,740","-1,446",942.09,"1,303",33,4,0.78,1.63,82,24h 12m 5s,14m 10s,0,2,3,7,12,19,26,46.2%,58.3%,0%,70
championship_split2,ALGS Year 4 Championship,https://apexlegendsstatus.com/algs/Y4-Split2/ALGS-Championships/Global/Overview,Y4-Split2,ALGS-Championships,Global,Overview,,,https://apexlegendsstatus.com/algs/Y4-Split2/ALGS-Championships/Global/Overview,overview,82,team_stats,Scores,24,STALLIONS,26,2nd,10.7,64,50,114,93,102,"59,139","52,664","6,475",924.05,"3,268",20,9,0.74,1.33,87,24h 48m 14s,13m 10s,0,1,1,3,12,22,26,46.2%,25%,0%,52
championship_split2,ALGS Year 4 Championship,https://apexlegendsstatus.com/algs/Y4-Split2/ALGS-Championships/Global/Overview,Y4-Split2,ALGS-Championships,Global,Overview,,,https://apexlegendsstatus.com/algs/Y4-Split2/ALGS-Championships/Global/Overview,overview,82,team_stats,Scores,25,disguised,34,1st,11.3,85,74,159,122,144,"67,366","72,922","-5,556",792.54,"2,137",46,7,0.8,1.73,106,30h 46m 22s,13m 48s,1,2,2,8,15,24,34,44.1%,53.3%,12.5%,98
championship_split2,ALGS Year 4 Championship,https://apexlegendsstatus.com/algs/Y4-Split2/ALGS-Championships/Global/Overview,Y4-Split2,ALGS-Championships,Global,Overview,,,https://apexlegendsstatus.com/algs/Y4-Split2/ALGS-Championships/Global/Overview,overview,82,team_stats,Scores,26,Envy,43,1st,10,114,129,243,147,168,"80,403","92,101","-11,698",705.29,"4,995",38,13,0.84,1.67,136,40h 10m 1s,15m 3s,2,5,8,12,24,34,43,55.8%,50%,16.7%,113
championship_split2,ALGS Year 4 Championship,https://apexlegendsstatus.com/algs/Y4-Split2/ALGS-Championships/Global/Overview,Y4-Split2,ALGS-Championships,Global,Overview,,,https://apexlegendsstatus.com/algs/Y4-Split2/ALGS-Championships/Global/Overview,overview,82,team_stats,Scores,27,VK GAMING,43,1st,9,128,132,260,182,204,"90,875","90,628",247,709.96,"15,072",67,15,0.91,1.73,141,40h 51m 39s,15m 47s,1,3,6,16,28,36,43,65.1%,57.1%,6.3%,116
championship_split2,ALGS Year 4 Championship,https://apexlegendsstatus.com/algs/Y4-Split2/ALGS-Championships/Global/Overview,Y4-Split2,ALGS-Championships,Global,Overview,,,https://apexlegendsstatus.com/algs/Y4-Split2/ALGS-Championships/Global/Overview,overview,82,team_stats,Scores,28,DRAGONS,34,1st,11.4,62,77,139,105,120,"61,268","59,272","1,996",988.19,"3,220",19,4,0.6,1.12,104,30h 47m 19s,14m 17s,1,4,4,7,14,23,34,41.2%,50%,14.3%,54
championship_split2,ALGS Year 4 Championship,https://apexlegendsstatus.com/algs/Y4-Split2/ALGS-Championships/Global/Overview,Y4-Split2,ALGS-Championships,Global,Overview,,,https://apexlegendsstatus.com/algs/Y4-Split2/ALGS-Championships/Global/Overview,overview,82,team_stats,Scores,29,Supernova,26,1st,13.8,38,35,73,59,89,"28,443","33,919","-5,476",748.5,"4,294",13,2,0.49,0.97,77,21h 11m 45s,16m 44s,1,1,2,2,4,14,26,15.4%,50%,50%,37
championship_split2,ALGS Year 4 Championship,https://apexlegendsstatus.com/algs/Y4-Split2/ALGS-Championships/Global/Overview,Y4-Split2,ALGS-Championships,Global,Overview,,,https://apexlegendsstatus.com/algs/Y4-Split2/ALGS-Championships/Global/Overview,overview,82,team_stats,Scores,30,LG,43,1st,10.9,123,112,235,175,169,"104,425","97,311","7,114",848.98,"2,121",52,0,0.98,2.05,126,38h 22m 11s,13m 41s,1,4,7,11,19,32,43,44.2%,57.9%,9.1%,135
championship_split2,ALGS Year 4 Championship,https://apexlegendsstatus.com/algs/Y4-Split2/ALGS-Championships/Global/Overview,Y4-Split2,ALGS-Championships,Global,Overview,,,https://apexlegendsstatus.com/algs/Y4-Split2/ALGS-Championships/Global/Overview,overview,82,team_stats,Scores,31,Team Burger,43,2nd,11.2,85,91,176,149,178,"85,321","86,584","-1,263",1003.78,"6,847",55,5,0.63,1.2,134,38h 32m 6s,13m 21s,0,2,5,6,21,34,43,48.8%,28.6%,0%,76
championship_split2,ALGS Year 4 Championship,https://apexlegendsstatus.com/algs/Y4-Split2/ALGS-Championships/Global/Overview,Y4-Split2,ALGS-Championships,Global,Overview,,,https://apexlegendsstatus.com/algs/Y4-Split2/ALGS-Championships/Global/Overview,overview,82,team_stats,Scores,32,GHS Professional,34,1st,12.1,79,77,156,109,119,"59,548","65,692","-6,144",753.77,"3,215",25,2,0.78,1.64,101,28h 38m 2s,11m 52s,1,2,5,7,13,22,34,38.2%,53.8%,14.3%,87
championship_split2,ALGS Year 4 Championship,https://apexlegendsstatus.com/algs/Y4-Split2/ALGS-Championships/Global/Overview,Y4-Split2,ALGS-Championships,Global,Overview,,,https://apexlegendsstatus.com/algs/Y4-Split2/ALGS-Championships/Global/Overview,overview,82,team_stats,Scores,33,Zero Tenacity,34,1st,10.8,79,85,164,109,135,"66,913","66,136",777,847,"5,245",33,11,0.74,1.44,107,30h 52m 35s,12m 53s,2,2,5,6,18,25,34,52.9%,33.3%,33.3%,75
championship_split2,ALGS Year 4 Championship,https://apexlegendsstatus.com/algs/Y4-Split2/ALGS-Championships/Global/Overview,Y4-Split2,ALGS-Championships,Global,Overview,,,https://apexlegendsstatus.com/algs/Y4-Split2/ALGS-Championships/Global/Overview,overview,82,team_stats,Scores,34,REIGNITE,26,2nd,10.8,40,61,101,60,128,"40,571","50,180","-9,609",1014.28,"1,697",53,1,0.51,0.99,79,24h 12m 31s,14m 13s,0,2,4,5,11,20,26,42.3%,45.5%,0%,38
championship_split2,ALGS Year 4 Championship,https://apexlegendsstatus.com/algs/Y4-Split2/ALGS-Championships/Global/Overview,Y4-Split2,ALGS-Championships,Global,Overview,,,https://apexlegendsstatus.com/algs/Y4-Split2/ALGS-Championships/Global/Overview,overview,82,team_stats,Scores,35,OrglessAndHungry,34,1st,10.7,112,82,194,139,136,"64,250","70,509","-6,259",573.66,"7,169",45,7,1.09,2.29,103,30h 50m 1s,11m 59s,2,2,4,5,17,26,34,50%,29.4%,40%,124
championship_split2,ALGS Year 4 Championship,https://apexlegendsstatus.com/algs/Y4-Split2/ALGS-Championships/Global/Overview,Y4-Split2,ALGS-Championships,Global,Overview,,,https://apexlegendsstatus.com/algs/Y4-Split2/ALGS-Championships/Global/Overview,overview,82,team_stats,Scores,36,shadow3690,26,1st,13.1,50,41,91,65,98,"39,908","43,163","-3,255",798.16,"2,584",22,3,0.64,1.33,78,22h 53m 2s,16m 8s,1,1,1,2,10,16,26,38.5%,20%,50%,54
championship_split2,ALGS Year 4 Championship,https://apexlegendsstatus.com/algs/Y4-Split2/ALGS-Championships/Global/Overview,Y4-Split2,ALGS-Championships,Global,Overview,,,https://apexlegendsstatus.com/algs/Y4-Split2/ALGS-Championships/Global/Overview,overview,82,team_stats,Scores,37,Ninjas,26,3rd,11.8,59,45,104,104,101,"63,537","56,979","6,558",1076.9,"5,369",20,9,0.68,1.41,87,23h 32m 27s,13m 41s,0,0,1,4,12,17,26,46.2%,33.3%,0%,64
championship_split2,ALGS Year 4 Championship,https://apexlegendsstatus.com/algs/Y4-Split2/ALGS-Championships/Global/Overview,Y4-Split2,ALGS-Championships,Global,Overview,,,https://apexlegendsstatus.com/algs/Y4-Split2/ALGS-Championships/Global/Overview,overview,82,team_stats,Scores,38,NRG,26,1st,11.7,57,49,106,84,102,"58,152","51,537","6,615",1020.21,"8,560",18,13,0.66,1.36,87,24h 49m 32s,13m 10s,1,1,2,2,10,20,26,38.5%,20%,50%,61
championship_split2,ALGS Year 4 Championship,https://apexlegendsstatus.com/algs/Y4-Split2/ALGS-Championships/Global/Overview,Y4-Split2,ALGS-Championships,Global,Overview,,,https://apexlegendsstatus.com/algs/Y4-Split2/ALGS-Championships/Global/Overview,overview,82,team_stats,Scores,39,FaZe,34,1st,11.4,58,66,124,106,129,"72,301","68,054","4,247",1246.57,"2,716",26,9,0.54,1.12,108,29h 38m 11s,13m 33s,1,1,1,5,15,26,34,44.1%,33.3%,20%,63
championship_split2,ALGS Year 4 Championship,https://apexlegendsstatus.com/algs/Y4-Split2/ALGS-Championships/Global/Overview,Y4-Split2,ALGS-Championships,Global,Overview,,,https://apexlegendsstatus.com/algs/Y4-Split2/ALGS-Championships/Global/Overview,overview,82,team_stats,Scores,40,Oblivion,26,2nd,12.8,77,42,119,103,97,"43,824","45,784","-1,960",569.14,"5,328",15,7,0.91,1.79,85,23h 4m 8s,12m 25s,0,1,2,4,9,13,26,34.6%,44.4%,0%,75
