event_slug,event_name,overview_url,split,league,region,day,group,game_id,source_url,source_scope,weapon_key,weapon,kills,damage,knockdowns,times_knocked,fwr_pct,shots,hits,accuracy,playtime,playtime_seconds,max_kill_range,max_damage_range,icon,stage,game_label,game_number,map_name,stats_url,replay_url,title,category,total_kills,total_damage,kill_share_pct,damage_share_pct,event_label
championship_split2,ALGS Year 4 Championship,https://apexlegendsstatus.com/algs/Y4-Split2/ALGS-Championships/Global/Overview,Y4-Split2,ALGS-Championships,Global,Overview,,,https://apexlegendsstatus.com/algs/Y4-Split2/ALGS-Championships/Global/Overview,overview,Mastiff,Mastiff Shotgun,1080,348285,2023.0,1466.0,57.98,11498,26066,-,62h 18m 43s,224323,60.31,136.8,Mastiff_Shotgun_Icon.svg,,,,,,,,Shotgun,3508,2545007,30.78677309007982,13.685031121721865,Championship
championship_split2,ALGS Year 4 Championship,https://apexlegendsstatus.com/algs/Y4-Split2/ALGS-Championships/Global/Overview,Y4-Split2,ALGS-Championships,Global,Overview,,,https://apexlegendsstatus.com/algs/Y4-Split2/ALGS-Championships/Global/Overview,overview,Peacekeeper,Peacekeeper,568,213628,1092.0,854.0,56.12,5527,22149,-,38h 45m 7s,139507,52.6,201.74,Peacekeeper_Icon.svg,,,,,,,,Shotgun,3508,2545007,16.191562143671607,8.394004417276651,Championship
championship_split2,ALGS Year 4 Championship,https://apexlegendsstatus.com/algs/Y4-Split2/ALGS-Championships/Global/Overview,Y4-Split2,ALGS-Championships,Global,Overview,,,https://apexlegendsstatus.com/algs/Y4-Split2/ALGS-Championships/Global/Overview,overview,EVA-8,EVA-8 Auto,520,161721,1016.0,703.0,59.1,9270,25627,-,24h 34m 31s,88471,28.08,52.59,EVA-8_Auto_Icon.svg,,,,,,,,Shotgun,3508,2545007,14.823261117445838,6.354442247113663,Championship
championship_split2,ALGS Year 4 Championship,https://apexlegendsstatus.com/algs/Y4-Split2/ALGS-Championships/Global/Overview,Y4-Split2,ALGS-Championships,Global,Overview,,,https://apexlegendsstatus.com/algs/Y4-Split2/ALGS-Championships/Global/Overview,overview,G7Scout,G7 Scout,486,763818,1056.0,310.0,77.31,209020,28392,13.58%,177h 11m 38s,637898,243.05,470.83,G7_Scout_Icon.svg,,,,,,,,Precision,3508,2545007,13.854047890535918,30.01241253953329,Championship
championship_split2,ALGS Year 4 Championship,https://apexlegendsstatus.com/algs/Y4-Split2/ALGS-Championships/Global/Overview,Y4-Split2,ALGS-Championships,Global,Overview,,,https://apexlegendsstatus.com/algs/Y4-Split2/ALGS-Championships/Global/Overview,overview,Nemesis,Nemesis Burst AR,300,346108,574.0,193.0,74.84,146578,26766,18.26%,94h 55m 28s,341728,234.49,384.75,Nemesis_Burst_AR_Icon.svg,,,,,,,,AR,3508,2545007,8.55188141391106,13.599491081949873,Championship
championship_split2,ALGS Year 4 Championship,https://apexlegendsstatus.com/algs/Y4-Split2/ALGS-Championships/Global/Overview,Y4-Split2,ALGS-Championships,Global,Overview,,,https://apexlegendsstatus.com/algs/Y4-Split2/ALGS-Championships/Global/Overview,overview,TripleTake,Triple Take,63,151999,173.0,55.0,75.88,15968,8335,52.2%,36h 25m 26s,131126,149.86,476.49,Triple_Take_Icon.svg,,,,,,,,Precision,3508,2545007,1.7958950969213228,5.972439368536118,Championship
championship_split2,ALGS Year 4 Championship,https://apexlegendsstatus.com/algs/Y4-Split2/ALGS-Championships/Global/Overview,Y4-Split2,ALGS-Championships,Global,Overview,,,https://apexlegendsstatus.com/algs/Y4-Split2/ALGS-Championships/Global/Overview,overview,ChargeRifle,Charge Rifle,50,108767,175.0,15.0,92.11,7738,1598,20.65%,19h 18m 35s,69515,308.37,489.43,Charge_Rifle_Icon.svg,,,,,,,,Precision,3508,2545007,1.4253135689851768,4.273740700909664,Championship
championship_split2,ALGS Year 4 Championship,https://apexlegendsstatus.com/algs/Y4-Split2/ALGS-Championships/Global/Overview,Y4-Split2,ALGS-Championships,Global,Overview,,,https://apexlegendsstatus.com/algs/Y4-Split2/ALGS-Championships/Global/Overview,overview,R-301,R-301 Carbine,34,31740,64.0,22.0,74.42,22785,3016,13.24%,11h 54m 9s,42849,114.06,381.27,R-301_Carbine_Icon.svg,,,,,,,,AR,3508,2545007,0.9692132269099202,1.2471478467446258,Championship
championship_split2,ALGS Year 4 Championship,https://apexlegendsstatus.com/algs/Y4-Split2/ALGS-Championships/Global/Overview,Y4-Split2,ALGS-Championships,Global,Overview,,,https://apexlegendsstatus.com/algs/Y4-Split2/ALGS-Championships/Global/Overview,overview,HAVOC,HAVOC Rifle,27,16358,49.0,,,-,940,-,0h 0m 0s,0,68.8,208.84,HAVOC_Rifle_Icon.svg,,,,,,,,AR,3508,2545007,0.7696693272519954,0.6427487232844546,Championship
championship_split2,ALGS Year 4 Championship,https://apexlegendsstatus.com/algs/Y4-Split2/ALGS-Championships/Global/Overview,Y4-Split2,ALGS-Championships,Global,Overview,,,https://apexlegendsstatus.com/algs/Y4-Split2/ALGS-Championships/Global/Overview,overview,Mozambique (Akimbo),Mozambique (Akimbo),26,12717,26.0,2.0,92.86,-,945,-,3h 24m 7s,12247,32.14,40.74,Mozambique_Shotgun_Akimbo_Icon.svg,,,,,,,,Shotgun-Akimbo,3508,2545007,0.7411630558722919,0.49968428377603674,Championship
championship_split2,ALGS Year 4 Championship,https://apexlegendsstatus.com/algs/Y4-Split2/ALGS-Championships/Global/Overview,Y4-Split2,ALGS-Championships,Global,Overview,,,https://apexlegendsstatus.com/algs/Y4-Split2/ALGS-Championships/Global/Overview,overview,Flatline,VK-47 Flatline,24,19950,43.0,27.0,61.43,12949,1283,9.91%,9h 23m 54s,33834,77.35,310.72,VK-47_Flatline_Icon.svg,,,,,,,,AR,3508,2545007,0.6841505131128849,0.7838878242771041,Championship
championship_split2,ALGS Year 4 Championship,https://apexlegendsstatus.com/algs/Y4-Split2/ALGS-Championships/Global/Overview,Y4-Split2,ALGS-Championships,Global,Overview,,,https://apexlegendsstatus.com/algs/Y4-Split2/ALGS-Championships/Global/Overview,overview,30-30,30-30 Repeater,22,44122,54.0,18.0,75.0,7454,1120,15.03%,12h 6m 55s,43615,174.0,457.44,30-30_Repeater_Icon.svg,,,,,,,,Precision,3508,2545007,0.6271379703534777,1.7336691018924506,Championship
championship_split2,ALGS Year 4 Championship,https://apexlegendsstatus.com/algs/Y4-Split2/ALGS-Championships/Global/Overview,Y4-Split2,ALGS-Championships,Global,Overview,,,https://apexlegendsstatus.com/algs/Y4-Split2/ALGS-Championships/Global/Overview,overview,Mozambique,Mozambique Shotgun,21,1843,68.0,85.0,44.44,1360,137,10.07%,2h 6m 12s,7572,32.14,32.21,Mozambique_Shotgun_Icon.svg,,,,,,,,Shotgun,3508,2545007,0.5986316989737742,0.07241630376655153,Championship
championship_split2,ALGS Year 4 Championship,https://apexlegendsstatus.com/algs/Y4-Split2/ALGS-Championships/Global/Overview,Y4-Split2,ALGS-Championships,Global,Overview,,,https://apexlegendsstatus.com/algs/Y4-Split2/ALGS-Championships/Global/Overview,overview,Bocek,Bocek Compound Bow,21,21017,41.0,7.0,85.42,-,369,-,2h 2m 11s,7331,152.69,248.64,Bocek_Compound_Bow_Icon.svg,,,,,,,,Precision,3508,2545007,0.5986316989737742,0.8258130527735287,Championship
championship_split2,ALGS Year 4 Championship,https://apexlegendsstatus.com/algs/Y4-Split2/ALGS-Championships/Global/Overview,Y4-Split2,ALGS-Championships,Global,Overview,,,https://apexlegendsstatus.com/algs/Y4-Split2/ALGS-Championships/Global/Overview,overview,Hemlok,Hemlok,20,31395,43.0,19.0,69.35,14941,1953,13.07%,10h 57m 2s,39422,155.38,271.75,Hemlok_Burst_AR_Icon.svg,,,,,,,,AR,3508,2545007,0.5701254275940707,1.233591891888706,Championship
championship_split2,ALGS Year 4 Championship,https://apexlegendsstatus.com/algs/Y4-Split2/ALGS-Championships/Global/Overview,Y4-Split2,ALGS-Championships,Global,Overview,,,https://apexlegendsstatus.com/algs/Y4-Split2/ALGS-Championships/Global/Overview,overview,Kraber,Kraber .50-Cal Sniper,18,17411,51.0,11.0,82.26,-,143,-,2h 27m 35s,8855,105.5,217.28,Kraber_.50-Cal_Sniper_Icon.svg,,,,,,,,Precision,3508,2545007,0.5131128848346637,0.6841238550620883,Championship
championship_split2,ALGS Year 4 Championship,https://apexlegendsstatus.com/algs/Y4-Split2/ALGS-Championships/Global/Overview,Y4-Split2,ALGS-Championships,Global,Overview,,,https://apexlegendsstatus.com/algs/Y4-Split2/ALGS-Championships/Global/Overview,overview,Spitfire,M600 Spitfire,18,21813,42.0,24.0,63.64,14179,1450,10.23%,8h 43m 2s,31382,52.93,371.24,M600_Spitfire_Icon.svg,,,,,,,,LMG,3508,2545007,0.5131128848346637,0.8570899804990714,Championship
championship_split2,ALGS Year 4 Championship,https://apexlegendsstatus.com/algs/Y4-Split2/ALGS-Championships/Global/Overview,Y4-Split2,ALGS-Championships,Global,Overview,,,https://apexlegendsstatus.com/algs/Y4-Split2/ALGS-Championships/Global/Overview,overview,Longbow,Longbow DMR,17,42621,55.0,33.0,62.5,4401,891,20.25%,9h 22m 29s,33749,126.64,373.87,Longbow_DMR_Icon.svg,,,,,,,,Precision,3508,2545007,0.4846066134549601,1.6746908751135066,Championship
championship_split2,ALGS Year 4 Championship,https://apexlegendsstatus.com/algs/Y4-Split2/ALGS-Championships/Global/Overview,Y4-Split2,ALGS-Championships,Global,Overview,,,https://apexlegendsstatus.com/algs/Y4-Split2/ALGS-Championships/Global/Overview,overview,L-STAR,L-STAR EMG,17,11795,32.0,27.0,54.24,5376,782,14.55%,3h 44m 24s,13464,86.5,234.29,L-STAR_EMG_Icon.svg,,,,,,,,LMG,3508,2545007,0.4846066134549601,0.4634564855813756,Championship
championship_split2,ALGS Year 4 Championship,https://apexlegendsstatus.com/algs/Y4-Split2/ALGS-Championships/Global/Overview,Y4-Split2,ALGS-Championships,Global,Overview,,,https://apexlegendsstatus.com/algs/Y4-Split2/ALGS-Championships/Global/Overview,overview,Sentinel,Sentinel,10,36442,39.0,14.0,73.58,2088,525,25.14%,9h 59m 35s,35975,90.15,436.75,Sentinel_Icon.svg,,,,,,,,Precision,3508,2545007,0.28506271379703535,1.4319017590128436,Championship
championship_split2,ALGS Year 4 Championship,https://apexlegendsstatus.com/algs/Y4-Split2/ALGS-Championships/Global/Overview,Y4-Split2,ALGS-Championships,Global,Overview,,,https://apexlegendsstatus.com/algs/Y4-Split2/ALGS-Championships/Global/Overview,overview,R-99,R-99 SMG,8,4629,18.0,,,-,449,-,0h 0m 0s,0,41.11,93.3,R-99_SMG_Icon.svg,,,,,,,,SMG,3508,2545007,0.22805017103762829,0.18188555080595062,Championship
championship_split2,ALGS Year 4 Championship,https://apexlegendsstatus.com/algs/Y4-Split2/ALGS-Championships/Global/Overview,Y4-Split2,ALGS-Championships,Global,Overview,,,https://apexlegendsstatus.com/algs/Y4-Split2/ALGS-Championships/Global/Overview,overview,Volt,Volt SMG,5,1428,9.0,3.0,75.0,1514,130,8.59%,1h 6m 9s,3969,61.78,141.47,Volt_SMG_Icon.svg,,,,,,,,SMG,3508,2545007,0.14253135689851767,0.05610986531667693,Championship
championship_split2,ALGS Year 4 Championship,https://apexlegendsstatus.com/algs/Y4-Split2/ALGS-Championships/Global/Overview,Y4-Split2,ALGS-Championships,Global,Overview,,,https://apexlegendsstatus.com/algs/Y4-Split2/ALGS-Championships/Global/Overview,overview,Rampage,Rampage LMG,4,3337,10.0,2.0,83.33,1291,167,12.94%,1h 8m 20s,4100,76.12,242.28,Rampage_LMG_Icon.svg,,,,,,,,LMG,3508,2545007,0.11402508551881414,0.1311194821861001,Championship
championship_split2,ALGS Year 4 Championship,https://apexlegendsstatus.com/algs/Y4-Split2/ALGS-Championships/Global/Overview,Y4-Split2,ALGS-Championships,Global,Overview,,,https://apexlegendsstatus.com/algs/Y4-Split2/ALGS-Championships/Global/Overview,overview,Prowler,Prowler Burst PDW,3,1132,5.0,5.0,50.0,905,87,9.61%,0h 31m 4s,1864,53.39,123.33,Prowler_Burst_PDW_Icon.svg,,,,,,,,SMG,3508,2545007,0.08551881413911061,0.04447924897652541,Championship
championship_split2,ALGS Year 4 Championship,https://apexlegendsstatus.com/algs/Y4-Split2/ALGS-Championships/Global/Overview,Y4-Split2,ALGS-Championships,Global,Overview,,,https://apexlegendsstatus.com/algs/Y4-Split2/ALGS-Championships/Global/Overview,overview,Alternator,Alternator SMG,2,351,2.0,1.0,66.67,1282,26,2.03%,0h 56m 37s,3397,35.7,99.93,Alternator_SMG_Icon.svg,,,,,,,,SMG,3508,2545007,0.05701254275940707,0.01379171059254454,Championship
championship_split2,ALGS Year 4 Championship,https://apexlegendsstatus.com/algs/Y4-Split2/ALGS-Championships/Global/Overview,Y4-Split2,ALGS-Championships,Global,Overview,,,https://apexlegendsstatus.com/algs/Y4-Split2/ALGS-Championships/Global/Overview,overview,P2020,P2020,2,364,5.0,1.0,83.33,372,24,6.45%,0h 25m 57s,1557,60.38,107.99,P2020_Icon.svg,,,,,,,,Pistol/Akimbo,3508,2545007,0.05701254275940707,0.014302514688564708,Championship
championship_split2,ALGS Year 4 Championship,https://apexlegendsstatus.com/algs/Y4-Split2/ALGS-Championships/Global/Overview,Y4-Split2,ALGS-Championships,Global,Overview,,,https://apexlegendsstatus.com/algs/Y4-Split2/ALGS-Championships/Global/Overview,overview,Devotion,Devotion LMG,1,250,2.0,,,650,28,4.31%,0h 49m 47s,2987,5.62,248.35,Devotion_LMG_Icon.svg,,,,,,,,LMG,3508,2545007,0.028506271379703536,0.00982315569269554,Championship
championship_split2,ALGS Year 4 Championship,https://apexlegendsstatus.com/algs/Y4-Split2/ALGS-Championships/Global/Overview,Y4-Split2,ALGS-Championships,Global,Overview,,,https://apexlegendsstatus.com/algs/Y4-Split2/ALGS-Championships/Global/Overview,overview,Wingman,Wingman,1,307,1.0,,,184,8,4.35%,0h 33m 21s,2001,61.29,125.89,Wingman_Icon.svg,,,,,,,,Precision,3508,2545007,0.028506271379703536,0.012062835190630124,Championship
championship_split2,ALGS Year 4 Championship,https://apexlegendsstatus.com/algs/Y4-Split2/ALGS-Championships/Global/Overview,Y4-Split2,ALGS-Championships,Global,Overview,,,https://apexlegendsstatus.com/algs/Y4-Split2/ALGS-Championships/Global/Overview,overview,RE-45,RE-45,0,20,,,,587,2,0.34%,0h 30m 45s,1845,0.0,4.33,RE-45_Auto_Icon.svg,,,,,,,,Pistol/SMG,3508,2545007,0.0,0.0007858524554156432,Championship
championship_split2,ALGS Year 4 Championship,https://apexlegendsstatus.com/algs/Y4-Split2/ALGS-Championships/Global/Overview,Y4-Split2,ALGS-Championships,Global,Overview,,,https://apexlegendsstatus.com/algs/Y4-Split2/ALGS-Championships/Global/Overview,overview,C.A.R.,C.A.R.,0,747,1.0,1.0,50.0,1041,65,6.24%,0h 27m 25s,1645,0.0,73.36,C.A.R._SMG_Icon.svg,,,,,,,,SMG,3508,2545007,0.0,0.029351589209774275,Championship
midseason_ewc_split1,ALGS Year 4 Midseason Playoffs / EWC,https://apexlegendsstatus.com/algs/Y4-Split1/EWC/Global/Overview,Y4-Split1,EWC,Global,Overview,,,https://apexlegendsstatus.com/algs/Y4-Split1/EWC/Global/Overview,overview,HAVOC,HAVOC Rifle,758,303059,1455.0,882.0,62.26,80355,18159,22.6%,47h 46m 35s,171995,103.43,240.05,HAVOC_Rifle_Icon.svg,,,,,,,,AR,2235,1337366,33.914988814317674,22.66088714682443,EWC
midseason_ewc_split1,ALGS Year 4 Midseason Playoffs / EWC,https://apexlegendsstatus.com/algs/Y4-Split1/EWC/Global/Overview,Y4-Split1,EWC,Global,Overview,,,https://apexlegendsstatus.com/algs/Y4-Split1/EWC/Global/Overview,overview,Hemlok,Hemlok,471,358628,834.0,274.0,75.27,128470,19266,15%,81h 38m 14s,293894,236.01,362.68,Hemlok_Burst_AR_Icon.svg,,,,,,,,AR,2235,1337366,21.073825503355703,26.81599502305278,EWC
midseason_ewc_split1,ALGS Year 4 Midseason Playoffs / EWC,https://apexlegendsstatus.com/algs/Y4-Split1/EWC/Global/Overview,Y4-Split1,EWC,Global,Overview,,,https://apexlegendsstatus.com/algs/Y4-Split1/EWC/Global/Overview,overview,Volt,Volt SMG,201,70935,370.0,251.0,59.58,25912,5114,19.74%,13h 56m 39s,50199,68.53,128.1,Volt_SMG_Icon.svg,,,,,,,,SMG,2235,1337366,8.993288590604028,5.304082801566661,EWC
midseason_ewc_split1,ALGS Year 4 Midseason Playoffs / EWC,https://apexlegendsstatus.com/algs/Y4-Split1/EWC/Global/Overview,Y4-Split1,EWC,Global,Overview,,,https://apexlegendsstatus.com/algs/Y4-Split1/EWC/Global/Overview,overview,Nemesis,Nemesis Burst AR,118,95466,219.0,82.0,72.76,42734,6502,15.22%,26h 1m 55s,93715,187.8,339.74,Nemesis_Burst_AR_Icon.svg,,,,,,,,AR,2235,1337366,5.279642058165548,7.138360030088996,EWC
midseason_ewc_split1,ALGS Year 4 Midseason Playoffs / EWC,https://apexlegendsstatus.com/algs/Y4-Split1/EWC/Global/Overview,Y4-Split1,EWC,Global,Overview,,,https://apexlegendsstatus.com/algs/Y4-Split1/EWC/Global/Overview,overview,Flatline,VK-47 Flatline,98,58986,187.0,112.0,62.54,25155,3599,14.31%,16h 34m 9s,59649,130.7,292.99,VK-47_Flatline_Icon.svg,,,,,,,,AR,2235,1337366,4.384787472035794,4.410610109723143,EWC
midseason_ewc_split1,ALGS Year 4 Midseason Playoffs / EWC,https://apexlegendsstatus.com/algs/Y4-Split1/EWC/Global/Overview,Y4-Split1,EWC,Global,Overview,,,https://apexlegendsstatus.com/algs/Y4-Split1/EWC/Global/Overview,overview,Prowler,Prowler Burst PDW,84,28910,162.0,91.0,64.03,10092,2112,20.93%,5h 8m 35s,18515,41.33,233.0,Prowler_Burst_PDW_Icon.svg,,,,,,,,SMG,2235,1337366,3.7583892617449663,2.1617119023513385,EWC
midseason_ewc_split1,ALGS Year 4 Midseason Playoffs / EWC,https://apexlegendsstatus.com/algs/Y4-Split1/EWC/Global/Overview,Y4-Split1,EWC,Global,Overview,,,https://apexlegendsstatus.com/algs/Y4-Split1/EWC/Global/Overview,overview,L-STAR,L-STAR EMG,75,25902,142.0,82.0,63.39,9447,1687,17.86%,4h 47m 0s,17220,44.4,190.62,L-STAR_EMG_Icon.svg,,,,,,,,LMG,2235,1337366,3.3557046979865772,1.9367921720755574,EWC
midseason_ewc_split1,ALGS Year 4 Midseason Playoffs / EWC,https://apexlegendsstatus.com/algs/Y4-Split1/EWC/Global/Overview,Y4-Split1,EWC,Global,Overview,,,https://apexlegendsstatus.com/algs/Y4-Split1/EWC/Global/Overview,overview,G7Scout,G7 Scout,59,74129,108.0,28.0,79.41,18275,2413,13.2%,19h 32m 23s,70343,157.22,356.77,G7_Scout_Icon.svg,,,,,,,,Precision,2235,1337366,2.639821029082774,5.5429104672916765,EWC
midseason_ewc_split1,ALGS Year 4 Midseason Playoffs / EWC,https://apexlegendsstatus.com/algs/Y4-Split1/EWC/Global/Overview,Y4-Split1,EWC,Global,Overview,,,https://apexlegendsstatus.com/algs/Y4-Split1/EWC/Global/Overview,overview,TripleTake,Triple Take,55,51384,98.0,20.0,83.05,5151,2529,49.1%,13h 32m 0s,48720,231.97,379.77,Triple_Take_Icon.svg,,,,,,,,Precision,2235,1337366,2.460850111856823,3.842179328620587,EWC
midseason_ewc_split1,ALGS Year 4 Midseason Playoffs / EWC,https://apexlegendsstatus.com/algs/Y4-Split1/EWC/Global/Overview,Y4-Split1,EWC,Global,Overview,,,https://apexlegendsstatus.com/algs/Y4-Split1/EWC/Global/Overview,overview,30-30,30-30 Repeater,41,71176,80.0,15.0,84.21,10980,1621,14.76%,18h 42m 1s,67321,236.21,373.38,30-30_Repeater_Icon.svg,,,,,,,,Precision,2235,1337366,1.8344519015659955,5.322103298573465,EWC
midseason_ewc_split1,ALGS Year 4 Midseason Playoffs / EWC,https://apexlegendsstatus.com/algs/Y4-Split1/EWC/Global/Overview,Y4-Split1,EWC,Global,Overview,,,https://apexlegendsstatus.com/algs/Y4-Split1/EWC/Global/Overview,overview,Sentinel,Sentinel,33,51373,75.0,18.0,80.65,2766,674,24.37%,12h 42m 34s,45754,210.72,471.33,Sentinel_Icon.svg,,,,,,,,Precision,2235,1337366,1.476510067114094,3.841356816309073,EWC
midseason_ewc_split1,ALGS Year 4 Midseason Playoffs / EWC,https://apexlegendsstatus.com/algs/Y4-Split1/EWC/Global/Overview,Y4-Split1,EWC,Global,Overview,,,https://apexlegendsstatus.com/algs/Y4-Split1/EWC/Global/Overview,overview,Wingman,Wingman,25,7568,45.0,12.0,78.95,1330,171,12.86%,2h 24m 56s,8696,116.96,166.4,Wingman_Icon.svg,,,,,,,,Precision,2235,1337366,1.1185682326621924,0.5658884703215126,EWC
midseason_ewc_split1,ALGS Year 4 Midseason Playoffs / EWC,https://apexlegendsstatus.com/algs/Y4-Split1/EWC/Global/Overview,Y4-Split1,EWC,Global,Overview,,,https://apexlegendsstatus.com/algs/Y4-Split1/EWC/Global/Overview,overview,Devotion,Devotion LMG,20,8140,36.0,,,-,519,-,0h 0m 0s,0,58.72,177.9,Devotion_LMG_Icon.svg,,,,,,,,LMG,2235,1337366,0.8948545861297539,0.6086591105202316,EWC
midseason_ewc_split1,ALGS Year 4 Midseason Playoffs / EWC,https://apexlegendsstatus.com/algs/Y4-Split1/EWC/Global/Overview,Y4-Split1,EWC,Global,Overview,,,https://apexlegendsstatus.com/algs/Y4-Split1/EWC/Global/Overview,overview,Peacekeeper,Peacekeeper,18,5895,33.0,24.0,57.89,196,636,-,0h 46m 25s,2785,27.94,79.13,Peacekeeper_Icon.svg,,,,,,,,Shotgun,2235,1337366,0.8053691275167785,0.4407918251249097,EWC
midseason_ewc_split1,ALGS Year 4 Midseason Playoffs / EWC,https://apexlegendsstatus.com/algs/Y4-Split1/EWC/Global/Overview,Y4-Split1,EWC,Global,Overview,,,https://apexlegendsstatus.com/algs/Y4-Split1/EWC/Global/Overview,overview,R-301,R-301 Carbine,14,7413,24.0,16.0,60.0,4401,654,14.86%,2h 56m 40s,10600,67.93,271.8,R-301_Carbine_Icon.svg,,,,,,,,AR,2235,1337366,0.6263982102908278,0.5542985241138177,EWC
midseason_ewc_split1,ALGS Year 4 Midseason Playoffs / EWC,https://apexlegendsstatus.com/algs/Y4-Split1/EWC/Global/Overview,Y4-Split1,EWC,Global,Overview,,,https://apexlegendsstatus.com/algs/Y4-Split1/EWC/Global/Overview,overview,Alternator,Alternator SMG,13,7805,29.0,35.0,45.31,3234,530,16.39%,2h 22m 47s,8567,14.68,70.51,Alternator_SMG_Icon.svg,,,,,,,,SMG,2235,1337366,0.5816554809843401,0.5836098719423105,EWC
midseason_ewc_split1,ALGS Year 4 Midseason Playoffs / EWC,https://apexlegendsstatus.com/algs/Y4-Split1/EWC/Global/Overview,Y4-Split1,EWC,Global,Overview,,,https://apexlegendsstatus.com/algs/Y4-Split1/EWC/Global/Overview,overview,ChargeRifle,Charge Rifle,13,14935,24.0,,,989,173,17.49%,3h 32m 39s,12759,231.84,407.47,Charge_Rifle_Icon.svg,,,,,,,,Precision,2235,1337366,0.5816554809843401,1.1167473974962725,EWC
midseason_ewc_split1,ALGS Year 4 Midseason Playoffs / EWC,https://apexlegendsstatus.com/algs/Y4-Split1/EWC/Global/Overview,Y4-Split1,EWC,Global,Overview,,,https://apexlegendsstatus.com/algs/Y4-Split1/EWC/Global/Overview,overview,Bocek,Bocek Compound Bow,11,10051,25.0,1.0,96.15,-,176,-,0h 43m 28s,2608,110.35,223.35,Bocek_Compound_Bow_Icon.svg,,,,,,,,Precision,2235,1337366,0.49217002237136465,0.7515519311841335,EWC
midseason_ewc_split1,ALGS Year 4 Midseason Playoffs / EWC,https://apexlegendsstatus.com/algs/Y4-Split1/EWC/Global/Overview,Y4-Split1,EWC,Global,Overview,,,https://apexlegendsstatus.com/algs/Y4-Split1/EWC/Global/Overview,overview,Longbow,Longbow DMR,10,9854,19.0,3.0,86.36,1112,198,17.81%,2h 24m 0s,8640,210.73,436.44,Longbow_DMR_Icon.svg,,,,,,,,Precision,2235,1337366,0.44742729306487694,0.7368214834233859,EWC
midseason_ewc_split1,ALGS Year 4 Midseason Playoffs / EWC,https://apexlegendsstatus.com/algs/Y4-Split1/EWC/Global/Overview,Y4-Split1,EWC,Global,Overview,,,https://apexlegendsstatus.com/algs/Y4-Split1/EWC/Global/Overview,overview,Kraber,Kraber .50-Cal Sniper,9,4071,19.0,5.0,79.17,-,32,-,0h 44m 59s,2699,69.95,180.3,Kraber_.50-Cal_Sniper_Icon.svg,,,,,,,,Precision,2235,1337366,0.40268456375838924,0.304404329106617,EWC
midseason_ewc_split1,ALGS Year 4 Midseason Playoffs / EWC,https://apexlegendsstatus.com/algs/Y4-Split1/EWC/Global/Overview,Y4-Split1,EWC,Global,Overview,,,https://apexlegendsstatus.com/algs/Y4-Split1/EWC/Global/Overview,overview,EVA-8,EVA-8 Auto,8,1329,15.0,,,-,206,-,0h 0m 0s,0,16.42,26.96,EVA-8_Auto_Icon.svg,,,,,,,,Shotgun,2235,1337366,0.3579418344519016,0.09937444200017048,EWC
midseason_ewc_split1,ALGS Year 4 Midseason Playoffs / EWC,https://apexlegendsstatus.com/algs/Y4-Split1/EWC/Global/Overview,Y4-Split1,EWC,Global,Overview,,,https://apexlegendsstatus.com/algs/Y4-Split1/EWC/Global/Overview,overview,Rampage,Rampage LMG,6,6155,9.0,6.0,60.0,3639,253,6.95%,2h 44m 43s,9883,86.64,271.85,Rampage_LMG_Icon.svg,,,,,,,,LMG,2235,1337366,0.2684563758389262,0.4602330252152365,EWC
midseason_ewc_split1,ALGS Year 4 Midseason Playoffs / EWC,https://apexlegendsstatus.com/algs/Y4-Split1/EWC/Global/Overview,Y4-Split1,EWC,Global,Overview,,,https://apexlegendsstatus.com/algs/Y4-Split1/EWC/Global/Overview,overview,R-99,R-99 SMG,4,3401,9.0,15.0,37.5,1969,329,16.71%,0h 58m 10s,3490,13.83,127.94,R-99_SMG_Icon.svg,,,,,,,,SMG,2235,1337366,0.1789709172259508,0.2543058519507749,EWC
midseason_ewc_split1,ALGS Year 4 Midseason Playoffs / EWC,https://apexlegendsstatus.com/algs/Y4-Split1/EWC/Global/Overview,Y4-Split1,EWC,Global,Overview,,,https://apexlegendsstatus.com/algs/Y4-Split1/EWC/Global/Overview,overview,Spitfire,M600 Spitfire,4,2489,9.0,6.0,60.0,1728,146,8.45%,0h 48m 28s,2908,48.63,164.45,M600_Spitfire_Icon.svg,,,,,,,,LMG,2235,1337366,0.1789709172259508,0.18611210394162855,EWC
midseason_ewc_split1,ALGS Year 4 Midseason Playoffs / EWC,https://apexlegendsstatus.com/algs/Y4-Split1/EWC/Global/Overview,Y4-Split1,EWC,Global,Overview,,,https://apexlegendsstatus.com/algs/Y4-Split1/EWC/Global/Overview,overview,Mozambique,Mozambique Shotgun,3,863,6.0,3.0,66.67,144,58,40.28%,0h 13m 47s,827,7.09,26.49,Mozambique_Shotgun_Icon.svg,,,,,,,,Shotgun,2235,1337366,0.1342281879194631,0.06452982953058474,EWC
midseason_ewc_split1,ALGS Year 4 Midseason Playoffs / EWC,https://apexlegendsstatus.com/algs/Y4-Split1/EWC/Global/Overview,Y4-Split1,EWC,Global,Overview,,,https://apexlegendsstatus.com/algs/Y4-Split1/EWC/Global/Overview,overview,Mastiff,Mastiff Shotgun,2,1218,6.0,13.0,31.58,42,111,-,0h 18m 45s,1125,7.56,31.73,Mastiff_Shotgun_Icon.svg,,,,,,,,Shotgun,2235,1337366,0.0894854586129754,0.09107454503853096,EWC
midseason_ewc_split1,ALGS Year 4 Midseason Playoffs / EWC,https://apexlegendsstatus.com/algs/Y4-Split1/EWC/Global/Overview,Y4-Split1,EWC,Global,Overview,,,https://apexlegendsstatus.com/algs/Y4-Split1/EWC/Global/Overview,overview,RE-45,RE-45,2,764,6.0,2.0,75.0,885,62,7.01%,0h 29m 34s,1774,24.08,98.53,RE-45_Auto_Icon.svg,,,,,,,,Pistol/SMG,2235,1337366,0.0894854586129754,0.05712721872696031,EWC
midseason_ewc_split1,ALGS Year 4 Midseason Playoffs / EWC,https://apexlegendsstatus.com/algs/Y4-Split1/EWC/Global/Overview,Y4-Split1,EWC,Global,Overview,,,https://apexlegendsstatus.com/algs/Y4-Split1/EWC/Global/Overview,overview,C.A.R.,C.A.R.,0,0,,28.0,,4860,-,0%,2h 21m 39s,8499,0.0,0.0,C.A.R._SMG_Icon.svg,,,,,,,,SMG,2235,1337366,0.0,0.0,EWC
midseason_ewc_split1,ALGS Year 4 Midseason Playoffs / EWC,https://apexlegendsstatus.com/algs/Y4-Split1/EWC/Global/Overview,Y4-Split1,EWC,Global,Overview,,,https://apexlegendsstatus.com/algs/Y4-Split1/EWC/Global/Overview,overview,P2020,P2020,0,0,,,,238,-,0%,0h 11m 45s,705,0.0,0.0,P2020_Icon.svg,,,,,,,,Pistol/Akimbo,2235,1337366,0.0,0.0,EWC
midseason_ewc_split1,ALGS Year 4 Midseason Playoffs / EWC,https://apexlegendsstatus.com/algs/Y4-Split1/EWC/Global/Overview,Y4-Split1,EWC,Global,Overview,,,https://apexlegendsstatus.com/algs/Y4-Split1/EWC/Global/Overview,overview,Mozambique (Akimbo),Mozambique (Akimbo),0,0,,,,-,-,NAN%,0h 0m 21s,21,0.0,0.0,Mozambique_Shotgun_Akimbo_Icon.svg,,,,,,,,Shotgun-Akimbo,2235,1337366,0.0,0.0,EWC
playoffs_split1,ALGS Year 4 Split 1 Playoffs,https://apexlegendsstatus.com/algs/Y4-Split1/ALGS-Playoffs/Global/Overview,Y4-Split1,ALGS-Playoffs,Global,Overview,,,https://apexlegendsstatus.com/algs/Y4-Split1/ALGS-Playoffs/Global/Overview,overview,HAVOC,HAVOC Rifle,817,290129,1611.0,824.0,66.16,88348,18234,20.64%,47h 21m 42s,170502,147.75,300.88,HAVOC_Rifle_Icon.svg,,,,,,,,AR,3276,1795574,24.93894993894994,16.158008525407475,Split 1
playoffs_split1,ALGS Year 4 Split 1 Playoffs,https://apexlegendsstatus.com/algs/Y4-Split1/ALGS-Playoffs/Global/Overview,Y4-Split1,ALGS-Playoffs,Global,Overview,,,https://apexlegendsstatus.com/algs/Y4-Split1/ALGS-Playoffs/Global/Overview,overview,Hemlok,Hemlok,623,450810,1100.0,356.0,75.55,165941,25563,15.4%,101h 16m 8s,364568,333.55,454.99,Hemlok_Burst_AR_Icon.svg,,,,,,,,AR,3276,1795574,19.017094017094017,25.106734670918602,Split 1
playoffs_split1,ALGS Year 4 Split 1 Playoffs,https://apexlegendsstatus.com/algs/Y4-Split1/ALGS-Playoffs/Global/Overview,Y4-Split1,ALGS-Playoffs,Global,Overview,,,https://apexlegendsstatus.com/algs/Y4-Split1/ALGS-Playoffs/Global/Overview,overview,Volt,Volt SMG,500,180998,923.0,616.0,59.97,60295,13441,22.29%,28h 56m 25s,104185,81.97,230.08,Volt_SMG_Icon.svg,,,,,,,,SMG,3276,1795574,15.262515262515263,10.080230611492482,Split 1
playoffs_split1,ALGS Year 4 Split 1 Playoffs,https://apexlegendsstatus.com/algs/Y4-Split1/ALGS-Playoffs/Global/Overview,Y4-Split1,ALGS-Playoffs,Global,Overview,,,https://apexlegendsstatus.com/algs/Y4-Split1/ALGS-Playoffs/Global/Overview,overview,Nemesis,Nemesis Burst AR,203,149036,364.0,113.0,76.31,63597,10526,16.55%,37h 27m 54s,134874,189.12,341.92,Nemesis_Burst_AR_Icon.svg,,,,,,,,AR,3276,1795574,6.196581196581197,8.300187015405658,Split 1
playoffs_split1,ALGS Year 4 Split 1 Playoffs,https://apexlegendsstatus.com/algs/Y4-Split1/ALGS-Playoffs/Global/Overview,Y4-Split1,ALGS-Playoffs,Global,Overview,,,https://apexlegendsstatus.com/algs/Y4-Split1/ALGS-Playoffs/Global/Overview,overview,Prowler,Prowler Burst PDW,143,51216,266.0,176.0,60.18,20677,3768,18.22%,8h 59m 15s,32355,48.88,175.98,Prowler_Burst_PDW_Icon.svg,,,,,,,,SMG,3276,1795574,4.365079365079365,2.8523469375252706,Split 1
playoffs_split1,ALGS Year 4 Split 1 Playoffs,https://apexlegendsstatus.com/algs/Y4-Split1/ALGS-Playoffs/Global/Overview,Y4-Split1,ALGS-Playoffs,Global,Overview,,,https://apexlegendsstatus.com/algs/Y4-Split1/ALGS-Playoffs/Global/Overview,overview,Flatline,VK-47 Flatline,125,85520,262.0,153.0,63.13,40015,5279,13.19%,23h 49m 44s,85784,170.22,301.07,VK-47_Flatline_Icon.svg,,,,,,,,AR,3276,1795574,3.815628815628816,4.762822362097023,Split 1
playoffs_split1,ALGS Year 4 Split 1 Playoffs,https://apexlegendsstatus.com/algs/Y4-Split1/ALGS-Playoffs/Global/Overview,Y4-Split1,ALGS-Playoffs,Global,Overview,,,https://apexlegendsstatus.com/algs/Y4-Split1/ALGS-Playoffs/Global/Overview,overview,30-30,30-30 Repeater,99,103843,187.0,37.0,83.48,16214,2554,15.75%,26h 56m 56s,97016,385.59,389.74,30-30_Repeater_Icon.svg,,,,,,,,Precision,3276,1795574,3.021978021978022,5.783275988625364,Split 1
playoffs_split1,ALGS Year 4 Split 1 Playoffs,https://apexlegendsstatus.com/algs/Y4-Split1/ALGS-Playoffs/Global/Overview,Y4-Split1,ALGS-Playoffs,Global,Overview,,,https://apexlegendsstatus.com/algs/Y4-Split1/ALGS-Playoffs/Global/Overview,overview,Peacekeeper,Peacekeeper,71,27187,132.0,103.0,56.17,745,2970,-,2h 56m 41s,10601,23.59,89.74,Peacekeeper_Icon.svg,,,,,,,,Shotgun,3276,1795574,2.167277167277167,1.5141119218701096,Split 1
playoffs_split1,ALGS Year 4 Split 1 Playoffs,https://apexlegendsstatus.com/algs/Y4-Split1/ALGS-Playoffs/Global/Overview,Y4-Split1,ALGS-Playoffs,Global,Overview,,,https://apexlegendsstatus.com/algs/Y4-Split1/ALGS-Playoffs/Global/Overview,overview,Alternator,Alternator SMG,52,18898,95.0,71.0,57.23,7981,1263,15.83%,3h 53m 50s,14030,51.41,193.88,Alternator_SMG_Icon.svg,,,,,,,,SMG,3276,1795574,1.5873015873015872,1.0524768124287833,Split 1
playoffs_split1,ALGS Year 4 Split 1 Playoffs,https://apexlegendsstatus.com/algs/Y4-Split1/ALGS-Playoffs/Global/Overview,Y4-Split1,ALGS-Playoffs,Global,Overview,,,https://apexlegendsstatus.com/algs/Y4-Split1/ALGS-Playoffs/Global/Overview,overview,Sentinel,Sentinel,48,70797,90.0,30.0,75.0,3575,919,25.71%,17h 37m 30s,63450,214.7,369.11,Sentinel_Icon.svg,,,,,,,,Precision,3276,1795574,1.465201465201465,3.942861725554057,Split 1
playoffs_split1,ALGS Year 4 Split 1 Playoffs,https://apexlegendsstatus.com/algs/Y4-Split1/ALGS-Playoffs/Global/Overview,Y4-Split1,ALGS-Playoffs,Global,Overview,,,https://apexlegendsstatus.com/algs/Y4-Split1/ALGS-Playoffs/Global/Overview,overview,TripleTake,Triple Take,47,55401,89.0,31.0,74.17,5639,2759,48.93%,14h 59m 8s,53948,203.12,351.02,Triple_Take_Icon.svg,,,,,,,,Precision,3276,1795574,1.4346764346764347,3.085420038383269,Split 1
playoffs_split1,ALGS Year 4 Split 1 Playoffs,https://apexlegendsstatus.com/algs/Y4-Split1/ALGS-Playoffs/Global/Overview,Y4-Split1,ALGS-Playoffs,Global,Overview,,,https://apexlegendsstatus.com/algs/Y4-Split1/ALGS-Playoffs/Global/Overview,overview,G7Scout,G7 Scout,46,53889,99.0,40.0,71.22,14583,1932,13.25%,15h 17m 21s,55041,168.44,338.1,G7_Scout_Icon.svg,,,,,,,,Precision,3276,1795574,1.404151404151404,3.0012129825894114,Split 1
playoffs_split1,ALGS Year 4 Split 1 Playoffs,https://apexlegendsstatus.com/algs/Y4-Split1/ALGS-Playoffs/Global/Overview,Y4-Split1,ALGS-Playoffs,Global,Overview,,,https://apexlegendsstatus.com/algs/Y4-Split1/ALGS-Playoffs/Global/Overview,overview,L-STAR,L-STAR EMG,42,10898,80.0,37.0,68.38,5025,766,15.24%,2h 6m 57s,7617,48.11,225.6,L-STAR_EMG_Icon.svg,,,,,,,,LMG,3276,1795574,1.2820512820512822,0.6069368346835051,Split 1
playoffs_split1,ALGS Year 4 Split 1 Playoffs,https://apexlegendsstatus.com/algs/Y4-Split1/ALGS-Playoffs/Global/Overview,Y4-Split1,ALGS-Playoffs,Global,Overview,,,https://apexlegendsstatus.com/algs/Y4-Split1/ALGS-Playoffs/Global/Overview,overview,Mozambique,Mozambique Shotgun,37,14268,70.0,51.0,57.85,1114,948,85.1%,1h 46m 4s,6364,82.06,90.94,Mozambique_Shotgun_Icon.svg,,,,,,,,Shotgun,3276,1795574,1.1294261294261294,0.7946205503087035,Split 1
playoffs_split1,ALGS Year 4 Split 1 Playoffs,https://apexlegendsstatus.com/algs/Y4-Split1/ALGS-Playoffs/Global/Overview,Y4-Split1,ALGS-Playoffs,Global,Overview,,,https://apexlegendsstatus.com/algs/Y4-Split1/ALGS-Playoffs/Global/Overview,overview,R-301,R-301 Carbine,37,27236,64.0,45.0,58.72,15282,2433,15.92%,7h 24m 52s,26692,133.58,385.41,R-301_Carbine_Icon.svg,,,,,,,,AR,3276,1795574,1.1294261294261294,1.5168408542337994,Split 1
playoffs_split1,ALGS Year 4 Split 1 Playoffs,https://apexlegendsstatus.com/algs/Y4-Split1/ALGS-Playoffs/Global/Overview,Y4-Split1,ALGS-Playoffs,Global,Overview,,,https://apexlegendsstatus.com/algs/Y4-Split1/ALGS-Playoffs/Global/Overview,overview,R-99,R-99 SMG,37,12507,62.0,42.0,59.62,5760,1235,21.44%,2h 35m 12s,9312,60.59,103.02,R-99_SMG_Icon.svg,,,,,,,,SMG,3276,1795574,1.1294261294261294,0.6965460627075242,Split 1
playoffs_split1,ALGS Year 4 Split 1 Playoffs,https://apexlegendsstatus.com/algs/Y4-Split1/ALGS-Playoffs/Global/Overview,Y4-Split1,ALGS-Playoffs,Global,Overview,,,https://apexlegendsstatus.com/algs/Y4-Split1/ALGS-Playoffs/Global/Overview,overview,Wingman,Wingman,35,14393,62.0,,,-,297,-,0h 0m 0s,0,133.24,159.21,Wingman_Icon.svg,,,,,,,,Precision,3276,1795574,1.0683760683760684,0.8015821124609734,Split 1
playoffs_split1,ALGS Year 4 Split 1 Playoffs,https://apexlegendsstatus.com/algs/Y4-Split1/ALGS-Playoffs/Global/Overview,Y4-Split1,ALGS-Playoffs,Global,Overview,,,https://apexlegendsstatus.com/algs/Y4-Split1/ALGS-Playoffs/Global/Overview,overview,RE-45,RE-45,31,10269,62.0,24.0,72.09,4379,836,19.09%,2h 0m 26s,7226,51.71,122.44,RE-45_Auto_Icon.svg,,,,,,,,Pistol/SMG,3276,1795574,0.9462759462759462,0.5719062539332826,Split 1
playoffs_split1,ALGS Year 4 Split 1 Playoffs,https://apexlegendsstatus.com/algs/Y4-Split1/ALGS-Playoffs/Global/Overview,Y4-Split1,ALGS-Playoffs,Global,Overview,,,https://apexlegendsstatus.com/algs/Y4-Split1/ALGS-Playoffs/Global/Overview,overview,Mastiff,Mastiff Shotgun,29,9542,54.0,40.0,57.45,382,888,-,1h 19m 24s,4764,24.44,50.99,Mastiff_Shotgun_Icon.svg,,,,,,,,Shotgun,3276,1795574,0.8852258852258852,0.5314178084556804,Split 1
playoffs_split1,ALGS Year 4 Split 1 Playoffs,https://apexlegendsstatus.com/algs/Y4-Split1/ALGS-Playoffs/Global/Overview,Y4-Split1,ALGS-Playoffs,Global,Overview,,,https://apexlegendsstatus.com/algs/Y4-Split1/ALGS-Playoffs/Global/Overview,overview,Kraber,Kraber .50-Cal Sniper,23,11459,46.0,10.0,82.14,32,93,-,1h 12m 42s,4362,104.68,219.09,Kraber_.50-Cal_Sniper_Icon.svg,,,,,,,,Precision,3276,1795574,0.702075702075702,0.6381803256228927,Split 1
playoffs_split1,ALGS Year 4 Split 1 Playoffs,https://apexlegendsstatus.com/algs/Y4-Split1/ALGS-Playoffs/Global/Overview,Y4-Split1,ALGS-Playoffs,Global,Overview,,,https://apexlegendsstatus.com/algs/Y4-Split1/ALGS-Playoffs/Global/Overview,overview,Devotion,Devotion LMG,20,8435,34.0,18.0,65.38,3222,602,18.68%,1h 22m 25s,4945,61.13,168.14,Devotion_LMG_Icon.svg,,,,,,,,LMG,3276,1795574,0.6105006105006106,0.4697662140351776,Split 1
playoffs_split1,ALGS Year 4 Split 1 Playoffs,https://apexlegendsstatus.com/algs/Y4-Split1/ALGS-Playoffs/Global/Overview,Y4-Split1,ALGS-Playoffs,Global,Overview,,,https://apexlegendsstatus.com/algs/Y4-Split1/ALGS-Playoffs/Global/Overview,overview,EVA-8,EVA-8 Auto,18,4140,29.0,,,-,672,-,0h 0m 0s,0,22.92,48.23,EVA-8_Auto_Icon.svg,,,,,,,,Shotgun,3276,1795574,0.5494505494505495,0.2305669384831814,Split 1
playoffs_split1,ALGS Year 4 Split 1 Playoffs,https://apexlegendsstatus.com/algs/Y4-Split1/ALGS-Playoffs/Global/Overview,Y4-Split1,ALGS-Playoffs,Global,Overview,,,https://apexlegendsstatus.com/algs/Y4-Split1/ALGS-Playoffs/Global/Overview,overview,Spitfire,M600 Spitfire,17,5192,28.0,13.0,68.29,2816,323,11.47%,1h 28m 38s,5318,55.31,271.87,M600_Spitfire_Icon.svg,,,,,,,,LMG,3276,1795574,0.518925518925519,0.2891554455566855,Split 1
playoffs_split1,ALGS Year 4 Split 1 Playoffs,https://apexlegendsstatus.com/algs/Y4-Split1/ALGS-Playoffs/Global/Overview,Y4-Split1,ALGS-Playoffs,Global,Overview,,,https://apexlegendsstatus.com/algs/Y4-Split1/ALGS-Playoffs/Global/Overview,overview,Longbow,Longbow DMR,13,14650,26.0,5.0,83.87,1607,277,17.24%,3h 34m 21s,12861,216.73,399.76,Longbow_DMR_Icon.svg,,,,,,,,Precision,3276,1795574,0.3968253968253968,0.8158950842460405,Split 1
playoffs_split1,ALGS Year 4 Split 1 Playoffs,https://apexlegendsstatus.com/algs/Y4-Split1/ALGS-Playoffs/Global/Overview,Y4-Split1,ALGS-Playoffs,Global,Overview,,,https://apexlegendsstatus.com/algs/Y4-Split1/ALGS-Playoffs/Global/Overview,overview,Rampage,Rampage LMG,8,6448,15.0,18.0,45.45,4086,285,6.98%,3h 1m 49s,10909,40.13,280.35,Rampage_LMG_Icon.svg,,,,,,,,LMG,3276,1795574,0.2442002442002442,0.3591052220626942,Split 1
playoffs_split1,ALGS Year 4 Split 1 Playoffs,https://apexlegendsstatus.com/algs/Y4-Split1/ALGS-Playoffs/Global/Overview,Y4-Split1,ALGS-Playoffs,Global,Overview,,,https://apexlegendsstatus.com/algs/Y4-Split1/ALGS-Playoffs/Global/Overview,overview,Bocek,Bocek Compound Bow,8,9214,18.0,4.0,81.82,7,159,-,0h 57m 15s,3435,117.89,210.06,Bocek_Compound_Bow_Icon.svg,,,,,,,,Precision,3276,1795574,0.2442002442002442,0.513150669368124,Split 1
playoffs_split1,ALGS Year 4 Split 1 Playoffs,https://apexlegendsstatus.com/algs/Y4-Split1/ALGS-Playoffs/Global/Overview,Y4-Split1,ALGS-Playoffs,Global,Overview,,,https://apexlegendsstatus.com/algs/Y4-Split1/ALGS-Playoffs/Global/Overview,overview,P2020,P2020,6,1042,11.0,4.0,73.33,490,62,12.65%,0h 16m 13s,973,16.56,44.15,P2020_Icon.svg,,,,,,,,Pistol/Akimbo,3276,1795574,0.18315018315018314,0.058031582101322476,Split 1
playoffs_split1,ALGS Year 4 Split 1 Playoffs,https://apexlegendsstatus.com/algs/Y4-Split1/ALGS-Playoffs/Global/Overview,Y4-Split1,ALGS-Playoffs,Global,Overview,,,https://apexlegendsstatus.com/algs/Y4-Split1/ALGS-Playoffs/Global/Overview,overview,ChargeRifle,Charge Rifle,4,10240,15.0,1.0,93.75,810,119,14.69%,2h 17m 53s,8273,163.77,399.22,Charge_Rifle_Icon.svg,,,,,,,,Precision,3276,1795574,0.1221001221001221,0.570291171513956,Split 1
playoffs_split1,ALGS Year 4 Split 1 Playoffs,https://apexlegendsstatus.com/algs/Y4-Split1/ALGS-Playoffs/Global/Overview,Y4-Split1,ALGS-Playoffs,Global,Overview,,,https://apexlegendsstatus.com/algs/Y4-Split1/ALGS-Playoffs/Global/Overview,overview,Mozambique (Akimbo),Mozambique (Akimbo),2,116,2.0,,,-,8,-,0h 0m 19s,19,4.11,8.89,Mozambique_Shotgun_Akimbo_Icon.svg,,,,,,,,Shotgun-Akimbo,3276,1795574,0.06105006105006105,0.006460329677306533,Split 1
playoffs_split1,ALGS Year 4 Split 1 Playoffs,https://apexlegendsstatus.com/algs/Y4-Split1/ALGS-Playoffs/Global/Overview,Y4-Split1,ALGS-Playoffs,Global,Overview,,,https://apexlegendsstatus.com/algs/Y4-Split1/ALGS-Playoffs/Global/Overview,overview,C.A.R.,C.A.R.,0,0,,141.0,,20256,-,0%,6h 40m 57s,24057,0.0,0.0,C.A.R._SMG_Icon.svg,,,,,,,,SMG,3276,1795574,0.0,0.0,Split 1
playoffs_split2,ALGS Year 4 Split 2 Playoffs,https://apexlegendsstatus.com/algs/Y4-Split2/ALGS-Playoffs/Global/Overview,Y4-Split2,ALGS-Playoffs,Global,Overview,,,https://apexlegendsstatus.com/algs/Y4-Split2/ALGS-Playoffs/Global/Overview,overview,Mozambique (Akimbo),Mozambique (Akimbo),1167,374370,1208.0,787.0,60.55,-,25061,-,55h 59m 7s,201547,100.38,126.67,Mozambique_Shotgun_Akimbo_Icon.svg,,,,,,,,Shotgun-Akimbo,3518,1940123,33.17225696418419,19.29619926159321,Split 2
playoffs_split2,ALGS Year 4 Split 2 Playoffs,https://apexlegendsstatus.com/algs/Y4-Split2/ALGS-Playoffs/Global/Overview,Y4-Split2,ALGS-Playoffs,Global,Overview,,,https://apexlegendsstatus.com/algs/Y4-Split2/ALGS-Playoffs/Global/Overview,overview,Hemlok,Hemlok,335,295404,627.0,175.0,78.18,116908,17772,15.2%,80h 1m 8s,288068,241.16,379.82,Hemlok_Burst_AR_Icon.svg,,,,,,,,AR,3518,1940123,9.522455940875497,15.226044946634827,Split 2
playoffs_split2,ALGS Year 4 Split 2 Playoffs,https://apexlegendsstatus.com/algs/Y4-Split2/ALGS-Playoffs/Global/Overview,Y4-Split2,ALGS-Playoffs,Global,Overview,,,https://apexlegendsstatus.com/algs/Y4-Split2/ALGS-Playoffs/Global/Overview,overview,Nemesis,Nemesis Burst AR,335,300130,635.0,163.0,79.57,121275,21191,17.47%,77h 7m 20s,277640,240.14,456.86,Nemesis_Burst_AR_Icon.svg,,,,,,,,AR,3518,1940123,9.522455940875497,15.469637749771534,Split 2
playoffs_split2,ALGS Year 4 Split 2 Playoffs,https://apexlegendsstatus.com/algs/Y4-Split2/ALGS-Playoffs/Global/Overview,Y4-Split2,ALGS-Playoffs,Global,Overview,,,https://apexlegendsstatus.com/algs/Y4-Split2/ALGS-Playoffs/Global/Overview,overview,HAVOC,HAVOC Rifle,287,124079,546.0,302.0,64.39,42445,7694,18.13%,31h 5m 20s,111920,129.66,257.13,HAVOC_Rifle_Icon.svg,,,,,,,,AR,3518,1940123,8.158044343376918,6.3954192595005575,Split 2
playoffs_split2,ALGS Year 4 Split 2 Playoffs,https://apexlegendsstatus.com/algs/Y4-Split2/ALGS-Playoffs/Global/Overview,Y4-Split2,ALGS-Playoffs,Global,Overview,,,https://apexlegendsstatus.com/algs/Y4-Split2/ALGS-Playoffs/Global/Overview,overview,Mastiff,Mastiff Shotgun,216,74852,409.0,328.0,55.5,2824,5204,-,13h 29m 16s,48556,38.01,64.21,Mastiff_Shotgun_Icon.svg,,,,,,,,Shotgun,3518,1940123,6.139852188743604,3.858105903594772,Split 2
playoffs_split2,ALGS Year 4 Split 2 Playoffs,https://apexlegendsstatus.com/algs/Y4-Split2/ALGS-Playoffs/Global/Overview,Y4-Split2,ALGS-Playoffs,Global,Overview,,,https://apexlegendsstatus.com/algs/Y4-Split2/ALGS-Playoffs/Global/Overview,overview,Mozambique,Mozambique Shotgun,205,37162,1408.0,1062.0,57.0,33141,2406,7.26%,6h 16m 51s,22611,56.68,83.74,Mozambique_Shotgun_Icon.svg,,,,,,,,Shotgun,3518,1940123,5.8271745309835135,1.9154455671109512,Split 2
playoffs_split2,ALGS Year 4 Split 2 Playoffs,https://apexlegendsstatus.com/algs/Y4-Split2/ALGS-Playoffs/Global/Overview,Y4-Split2,ALGS-Playoffs,Global,Overview,,,https://apexlegendsstatus.com/algs/Y4-Split2/ALGS-Playoffs/Global/Overview,overview,G7Scout,G7 Scout,130,137418,256.0,38.0,87.07,36583,4554,12.45%,34h 47m 26s,125246,245.01,372.04,G7_Scout_Icon.svg,,,,,,,,Precision,3518,1940123,3.695281409891984,7.082952988032202,Split 2
playoffs_split2,ALGS Year 4 Split 2 Playoffs,https://apexlegendsstatus.com/algs/Y4-Split2/ALGS-Playoffs/Global/Overview,Y4-Split2,ALGS-Playoffs,Global,Overview,,,https://apexlegendsstatus.com/algs/Y4-Split2/ALGS-Playoffs/Global/Overview,overview,Flatline,VK-47 Flatline,124,72555,225.0,100.0,69.23,33666,4555,13.53%,24h 20m 15s,87615,125.74,355.21,VK-47_Flatline_Icon.svg,,,,,,,,AR,3518,1940123,3.524729960204662,3.7397113481980266,Split 2
playoffs_split2,ALGS Year 4 Split 2 Playoffs,https://apexlegendsstatus.com/algs/Y4-Split2/ALGS-Playoffs/Global/Overview,Y4-Split2,ALGS-Playoffs,Global,Overview,,,https://apexlegendsstatus.com/algs/Y4-Split2/ALGS-Playoffs/Global/Overview,overview,EVA-8,EVA-8 Auto,79,22219,136.0,108.0,55.74,1649,3232,-,3h 52m 32s,13952,27.79,65.85,EVA-8_Auto_Icon.svg,,,,,,,,Shotgun,3518,1940123,2.245594087549744,1.1452366679844526,Split 2
playoffs_split2,ALGS Year 4 Split 2 Playoffs,https://apexlegendsstatus.com/algs/Y4-Split2/ALGS-Playoffs/Global/Overview,Y4-Split2,ALGS-Playoffs,Global,Overview,,,https://apexlegendsstatus.com/algs/Y4-Split2/ALGS-Playoffs/Global/Overview,overview,TripleTake,Triple Take,66,94995,141.0,18.0,88.68,9430,4740,50.27%,23h 57m 44s,86264,229.78,538.74,Triple_Take_Icon.svg,,,,,,,,Precision,3518,1940123,1.8760659465605458,4.896339046544987,Split 2
playoffs_split2,ALGS Year 4 Split 2 Playoffs,https://apexlegendsstatus.com/algs/Y4-Split2/ALGS-Playoffs/Global/Overview,Y4-Split2,ALGS-Playoffs,Global,Overview,,,https://apexlegendsstatus.com/algs/Y4-Split2/ALGS-Playoffs/Global/Overview,overview,Volt,Volt SMG,59,22647,127.0,81.0,61.06,9254,1683,18.19%,7h 7m 16s,25636,78.27,232.9,Volt_SMG_Icon.svg,,,,,,,,SMG,3518,1940123,1.6770892552586698,1.1672971249760968,Split 2
playoffs_split2,ALGS Year 4 Split 2 Playoffs,https://apexlegendsstatus.com/algs/Y4-Split2/ALGS-Playoffs/Global/Overview,Y4-Split2,ALGS-Playoffs,Global,Overview,,,https://apexlegendsstatus.com/algs/Y4-Split2/ALGS-Playoffs/Global/Overview,overview,30-30,30-30 Repeater,51,75515,98.0,28.0,77.78,11837,1861,15.72%,21h 44m 40s,78280,282.3,421.0,30-30_Repeater_Icon.svg,,,,,,,,Precision,3518,1940123,1.44968732234224,3.8922789946822958,Split 2
playoffs_split2,ALGS Year 4 Split 2 Playoffs,https://apexlegendsstatus.com/algs/Y4-Split2/ALGS-Playoffs/Global/Overview,Y4-Split2,ALGS-Playoffs,Global,Overview,,,https://apexlegendsstatus.com/algs/Y4-Split2/ALGS-Playoffs/Global/Overview,overview,Devotion,Devotion LMG,47,13650,84.0,,,-,926,-,0h 0m 0s,0,71.72,140.71,Devotion_LMG_Icon.svg,,,,,,,,LMG,3518,1940123,1.335986355884025,0.7035636400372554,Split 2
playoffs_split2,ALGS Year 4 Split 2 Playoffs,https://apexlegendsstatus.com/algs/Y4-Split2/ALGS-Playoffs/Global/Overview,Y4-Split2,ALGS-Playoffs,Global,Overview,,,https://apexlegendsstatus.com/algs/Y4-Split2/ALGS-Playoffs/Global/Overview,overview,R-301,R-301 Carbine,45,27733,79.0,21.0,79.0,15847,2437,15.38%,8h 26m 13s,30373,111.23,322.69,R-301_Carbine_Icon.svg,,,,,,,,AR,3518,1940123,1.2791358726549176,1.4294454526852163,Split 2
playoffs_split2,ALGS Year 4 Split 2 Playoffs,https://apexlegendsstatus.com/algs/Y4-Split2/ALGS-Playoffs/Global/Overview,Y4-Split2,ALGS-Playoffs,Global,Overview,,,https://apexlegendsstatus.com/algs/Y4-Split2/ALGS-Playoffs/Global/Overview,overview,Kraber,Kraber .50-Cal Sniper,34,17210,75.0,7.0,91.46,3,145,-,1h 50m 30s,6630,139.76,168.27,Kraber_.50-Cal_Sniper_Icon.svg,,,,,,,,Precision,3518,1940123,0.9664582148948266,0.8870571608088765,Split 2
playoffs_split2,ALGS Year 4 Split 2 Playoffs,https://apexlegendsstatus.com/algs/Y4-Split2/ALGS-Playoffs/Global/Overview,Y4-Split2,ALGS-Playoffs,Global,Overview,,,https://apexlegendsstatus.com/algs/Y4-Split2/ALGS-Playoffs/Global/Overview,overview,Prowler,Prowler Burst PDW,30,10024,55.0,27.0,67.07,5618,724,12.89%,3h 25m 5s,12305,23.12,144.49,Prowler_Burst_PDW_Icon.svg,,,,,,,,SMG,3518,1940123,0.8527572484366117,0.5166682730940255,Split 2
playoffs_split2,ALGS Year 4 Split 2 Playoffs,https://apexlegendsstatus.com/algs/Y4-Split2/ALGS-Playoffs/Global/Overview,Y4-Split2,ALGS-Playoffs,Global,Overview,,,https://apexlegendsstatus.com/algs/Y4-Split2/ALGS-Playoffs/Global/Overview,overview,Peacekeeper,Peacekeeper,28,12322,59.0,68.0,46.46,398,1155,-,3h 40m 53s,13253,23.26,77.34,Peacekeeper_Icon.svg,,,,,,,,Shotgun,3518,1940123,0.7959067652075043,0.6351143716145832,Split 2
playoffs_split2,ALGS Year 4 Split 2 Playoffs,https://apexlegendsstatus.com/algs/Y4-Split2/ALGS-Playoffs/Global/Overview,Y4-Split2,ALGS-Playoffs,Global,Overview,,,https://apexlegendsstatus.com/algs/Y4-Split2/ALGS-Playoffs/Global/Overview,overview,R-99,R-99 SMG,24,7149,40.0,,,-,652,-,0h 0m 0s,0,14.87,105.22,R-99_SMG_Icon.svg,,,,,,,,SMG,3518,1940123,0.6822057987492893,0.3684817921337977,Split 2
playoffs_split2,ALGS Year 4 Split 2 Playoffs,https://apexlegendsstatus.com/algs/Y4-Split2/ALGS-Playoffs/Global/Overview,Y4-Split2,ALGS-Playoffs,Global,Overview,,,https://apexlegendsstatus.com/algs/Y4-Split2/ALGS-Playoffs/Global/Overview,overview,ChargeRifle,Charge Rifle,23,29287,44.0,4.0,91.67,1744,356,20.41%,6h 40m 17s,24017,296.79,595.75,Charge_Rifle_Icon.svg,,,,,,,,Precision,3518,1940123,0.6537805571347356,1.5095434670894576,Split 2
playoffs_split2,ALGS Year 4 Split 2 Playoffs,https://apexlegendsstatus.com/algs/Y4-Split2/ALGS-Playoffs/Global/Overview,Y4-Split2,ALGS-Playoffs,Global,Overview,,,https://apexlegendsstatus.com/algs/Y4-Split2/ALGS-Playoffs/Global/Overview,overview,Bocek,Bocek Compound Bow,22,18993,53.0,5.0,91.38,-,336,-,1h 48m 26s,6506,188.45,251.24,Bocek_Compound_Bow_Icon.svg,,,,,,,,Precision,3518,1940123,0.625355315520182,0.9789585505661239,Split 2
playoffs_split2,ALGS Year 4 Split 2 Playoffs,https://apexlegendsstatus.com/algs/Y4-Split2/ALGS-Playoffs/Global/Overview,Y4-Split2,ALGS-Playoffs,Global,Overview,,,https://apexlegendsstatus.com/algs/Y4-Split2/ALGS-Playoffs/Global/Overview,overview,Sentinel,Sentinel,21,33829,40.0,9.0,81.63,1933,484,25.04%,10h 9m 15s,36555,204.28,369.91,Sentinel_Icon.svg,,,,,,,,Precision,3518,1940123,0.5969300739056282,1.7436523354447115,Split 2
playoffs_split2,ALGS Year 4 Split 2 Playoffs,https://apexlegendsstatus.com/algs/Y4-Split2/ALGS-Playoffs/Global/Overview,Y4-Split2,ALGS-Playoffs,Global,Overview,,,https://apexlegendsstatus.com/algs/Y4-Split2/ALGS-Playoffs/Global/Overview,overview,L-STAR,L-STAR EMG,18,12624,35.0,30.0,53.85,6667,827,12.4%,4h 21m 13s,15673,120.9,193.88,L-STAR_EMG_Icon.svg,,,,,,,,LMG,3518,1940123,0.511654349061967,0.6506803950058836,Split 2
playoffs_split2,ALGS Year 4 Split 2 Playoffs,https://apexlegendsstatus.com/algs/Y4-Split2/ALGS-Playoffs/Global/Overview,Y4-Split2,ALGS-Playoffs,Global,Overview,,,https://apexlegendsstatus.com/algs/Y4-Split2/ALGS-Playoffs/Global/Overview,overview,Rampage,Rampage LMG,18,15275,33.0,11.0,75.0,6055,687,11.35%,5h 49m 24s,20964,182.57,384.06,Rampage_LMG_Icon.svg,,,,,,,,LMG,3518,1940123,0.511654349061967,0.7873212162321668,Split 2
playoffs_split2,ALGS Year 4 Split 2 Playoffs,https://apexlegendsstatus.com/algs/Y4-Split2/ALGS-Playoffs/Global/Overview,Y4-Split2,ALGS-Playoffs,Global,Overview,,,https://apexlegendsstatus.com/algs/Y4-Split2/ALGS-Playoffs/Global/Overview,overview,P2020,P2020,13,6787,29.0,35.0,45.31,1608,332,20.65%,1h 45m 49s,6349,18.24,53.27,P2020_Icon.svg,,,,,,,,Pistol/Akimbo,3518,1940123,0.3695281409891984,0.34982318131376205,Split 2
playoffs_split2,ALGS Year 4 Split 2 Playoffs,https://apexlegendsstatus.com/algs/Y4-Split2/ALGS-Playoffs/Global/Overview,Y4-Split2,ALGS-Playoffs,Global,Overview,,,https://apexlegendsstatus.com/algs/Y4-Split2/ALGS-Playoffs/Global/Overview,overview,Spitfire,M600 Spitfire,12,7287,23.0,9.0,71.88,4580,457,9.98%,3h 16m 31s,11791,73.69,270.89,M600_Spitfire_Icon.svg,,,,,,,,LMG,3518,1940123,0.34110289937464466,0.3755947432198886,Split 2
playoffs_split2,ALGS Year 4 Split 2 Playoffs,https://apexlegendsstatus.com/algs/Y4-Split2/ALGS-Playoffs/Global/Overview,Y4-Split2,ALGS-Playoffs,Global,Overview,,,https://apexlegendsstatus.com/algs/Y4-Split2/ALGS-Playoffs/Global/Overview,overview,Longbow,Longbow DMR,6,10123,11.0,,,1197,197,16.46%,3h 2m 9s,10929,124.91,293.02,Longbow_DMR_Icon.svg,,,,,,,,Precision,3518,1940123,0.17055144968732233,0.5217710423514386,Split 2
playoffs_split2,ALGS Year 4 Split 2 Playoffs,https://apexlegendsstatus.com/algs/Y4-Split2/ALGS-Playoffs/Global/Overview,Y4-Split2,ALGS-Playoffs,Global,Overview,,,https://apexlegendsstatus.com/algs/Y4-Split2/ALGS-Playoffs/Global/Overview,overview,Wingman,Wingman,5,3206,10.0,5.0,66.67,606,73,12.05%,1h 33m 14s,5594,74.64,172.08,Wingman_Icon.svg,,,,,,,,Precision,3518,1940123,0.14212620807276863,0.16524725494208356,Split 2
playoffs_split2,ALGS Year 4 Split 2 Playoffs,https://apexlegendsstatus.com/algs/Y4-Split2/ALGS-Playoffs/Global/Overview,Y4-Split2,ALGS-Playoffs,Global,Overview,,,https://apexlegendsstatus.com/algs/Y4-Split2/ALGS-Playoffs/Global/Overview,overview,Alternator,Alternator SMG,2,1069,5.0,6.0,45.45,1389,72,5.18%,1h 6m 51s,4011,28.29,31.97,Alternator_SMG_Icon.svg,,,,,,,,SMG,3518,1940123,0.05685048322910745,0.05509959935529861,Split 2
playoffs_split2,ALGS Year 4 Split 2 Playoffs,https://apexlegendsstatus.com/algs/Y4-Split2/ALGS-Playoffs/Global/Overview,Y4-Split2,ALGS-Playoffs,Global,Overview,,,https://apexlegendsstatus.com/algs/Y4-Split2/ALGS-Playoffs/Global/Overview,overview,RE-45,RE-45,0,131,,,,484,12,2.48%,0h 21m 59s,1319,0.0,63.71,RE-45_Auto_Icon.svg,,,,,,,,Pistol/SMG,3518,1940123,0.0,0.006752149219405161,Split 2
playoffs_split2,ALGS Year 4 Split 2 Playoffs,https://apexlegendsstatus.com/algs/Y4-Split2/ALGS-Playoffs/Global/Overview,Y4-Split2,ALGS-Playoffs,Global,Overview,,,https://apexlegendsstatus.com/algs/Y4-Split2/ALGS-Playoffs/Global/Overview,overview,C.A.R.,C.A.R.,0,0,,11.0,,2778,-,0%,1h 8m 36s,4116,0.0,0.0,C.A.R._SMG_Icon.svg,,,,,,,,SMG,3518,1940123,0.0,0.0,Split 2
