event_slug,event_name,overview_url,split,league,region,day,group,game_id,source_url,source_scope,table_index,table_type,table_heading,row_number,legend,pick_rate_pct,avg_placement,win_rate_pct,top_5_rate_pct,top_7_conversion_rate_pct,fwr_pct,total_occurrences,class
playoffs_split1,ALGS Year 4 Split 1 Playoffs,https://apexlegendsstatus.com/algs/Y4-Split1/ALGS-Playoffs/Global/Overview,Y4-Split1,ALGS-Playoffs,Global,Overview,,,https://apexlegendsstatus.com/algs/Y4-Split1/ALGS-Playoffs/Global/Overview,overview,0,legend_meta,Scores,1,Bangalore,88.63,10.4,5.0,25.7,14.0,51.1,1099,Assault
playoffs_split1,ALGS Year 4 Split 1 Playoffs,https://apexlegendsstatus.com/algs/Y4-Split1/ALGS-Playoffs/Global/Overview,Y4-Split1,ALGS-Playoffs,Global,Overview,,,https://apexlegendsstatus.com/algs/Y4-Split1/ALGS-Playoffs/Global/Overview,overview,0,legend_meta,Scores,21,Octane,0.08,10.0,0.0,0.0,0.0,0.0,1,Skirmisher
playoffs_split1,ALGS Year 4 Split 1 Playoffs,https://apexlegendsstatus.com/algs/Y4-Split1/ALGS-Playoffs/Global/Overview,Y4-Split1,ALGS-Playoffs,Global,Overview,,,https://apexlegendsstatus.com/algs/Y4-Split1/ALGS-Playoffs/Global/Overview,overview,0,legend_meta,Scores,20,Mirage,0.16,11.0,0.0,0.0,0.0,55.0,2,Support
playoffs_split1,ALGS Year 4 Split 1 Playoffs,https://apexlegendsstatus.com/algs/Y4-Split1/ALGS-Playoffs/Global/Overview,Y4-Split1,ALGS-Playoffs,Global,Overview,,,https://apexlegendsstatus.com/algs/Y4-Split1/ALGS-Playoffs/Global/Overview,overview,0,legend_meta,Scores,19,Mad Maggie,0.16,10.5,0.0,0.0,0.0,61.9,2,Assault
playoffs_split1,ALGS Year 4 Split 1 Playoffs,https://apexlegendsstatus.com/algs/Y4-Split1/ALGS-Playoffs/Global/Overview,Y4-Split1,ALGS-Playoffs,Global,Overview,,,https://apexlegendsstatus.com/algs/Y4-Split1/ALGS-Playoffs/Global/Overview,overview,0,legend_meta,Scores,18,Revenant,0.24,11.7,0.0,0.0,0.0,33.3,3,Skirmisher
playoffs_split1,ALGS Year 4 Split 1 Playoffs,https://apexlegendsstatus.com/algs/Y4-Split1/ALGS-Playoffs/Global/Overview,Y4-Split1,ALGS-Playoffs,Global,Overview,,,https://apexlegendsstatus.com/algs/Y4-Split1/ALGS-Playoffs/Global/Overview,overview,0,legend_meta,Scores,17,Fuse,0.32,11.3,0.0,25.0,0.0,54.8,4,Assault
playoffs_split1,ALGS Year 4 Split 1 Playoffs,https://apexlegendsstatus.com/algs/Y4-Split1/ALGS-Playoffs/Global/Overview,Y4-Split1,ALGS-Playoffs,Global,Overview,,,https://apexlegendsstatus.com/algs/Y4-Split1/ALGS-Playoffs/Global/Overview,overview,0,legend_meta,Scores,16,Loba,0.56,10.6,0.0,14.3,0.0,33.3,7,Support
playoffs_split1,ALGS Year 4 Split 1 Playoffs,https://apexlegendsstatus.com/algs/Y4-Split1/ALGS-Playoffs/Global/Overview,Y4-Split1,ALGS-Playoffs,Global,Overview,,,https://apexlegendsstatus.com/algs/Y4-Split1/ALGS-Playoffs/Global/Overview,overview,0,legend_meta,Scores,14,Catalyst,0.89,16.4,0.0,0.0,0.0,40.3,11,Controller
playoffs_split1,ALGS Year 4 Split 1 Playoffs,https://apexlegendsstatus.com/algs/Y4-Split1/ALGS-Playoffs/Global/Overview,Y4-Split1,ALGS-Playoffs,Global,Overview,,,https://apexlegendsstatus.com/algs/Y4-Split1/ALGS-Playoffs/Global/Overview,overview,0,legend_meta,Scores,13,Newcastle,0.97,11.8,0.0,25.0,0.0,45.3,12,Support
playoffs_split1,ALGS Year 4 Split 1 Playoffs,https://apexlegendsstatus.com/algs/Y4-Split1/ALGS-Playoffs/Global/Overview,Y4-Split1,ALGS-Playoffs,Global,Overview,,,https://apexlegendsstatus.com/algs/Y4-Split1/ALGS-Playoffs/Global/Overview,overview,0,legend_meta,Scores,12,Pathfinder,1.61,11.6,0.0,25.0,0.0,41.7,20,Skirmisher
playoffs_split1,ALGS Year 4 Split 1 Playoffs,https://apexlegendsstatus.com/algs/Y4-Split1/ALGS-Playoffs/Global/Overview,Y4-Split1,ALGS-Playoffs,Global,Overview,,,https://apexlegendsstatus.com/algs/Y4-Split1/ALGS-Playoffs/Global/Overview,overview,0,legend_meta,Scores,15,Gibraltar,0.73,11.6,0.0,22.2,0.0,44.0,9,Support
playoffs_split1,ALGS Year 4 Split 1 Playoffs,https://apexlegendsstatus.com/algs/Y4-Split1/ALGS-Playoffs/Global/Overview,Y4-Split1,ALGS-Playoffs,Global,Overview,,,https://apexlegendsstatus.com/algs/Y4-Split1/ALGS-Playoffs/Global/Overview,overview,0,legend_meta,Scores,10,Wraith,3.79,10.5,6.4,25.5,20.0,49.4,47,Skirmisher
playoffs_split1,ALGS Year 4 Split 1 Playoffs,https://apexlegendsstatus.com/algs/Y4-Split1/ALGS-Playoffs/Global/Overview,Y4-Split1,ALGS-Playoffs,Global,Overview,,,https://apexlegendsstatus.com/algs/Y4-Split1/ALGS-Playoffs/Global/Overview,overview,0,legend_meta,Scores,2,Bloodhound,87.02,10.4,5.6,25.8,15.5,51.7,1079,Recon
playoffs_split1,ALGS Year 4 Split 1 Playoffs,https://apexlegendsstatus.com/algs/Y4-Split1/ALGS-Playoffs/Global/Overview,Y4-Split1,ALGS-Playoffs,Global,Overview,,,https://apexlegendsstatus.com/algs/Y4-Split1/ALGS-Playoffs/Global/Overview,overview,0,legend_meta,Scores,11,Rampart,2.58,9.1,0.0,37.5,0.0,40.4,32,Controller
playoffs_split1,ALGS Year 4 Split 1 Playoffs,https://apexlegendsstatus.com/algs/Y4-Split1/ALGS-Playoffs/Global/Overview,Y4-Split1,ALGS-Playoffs,Global,Overview,,,https://apexlegendsstatus.com/algs/Y4-Split1/ALGS-Playoffs/Global/Overview,overview,0,legend_meta,Scores,4,Horizon,16.69,12.7,4.3,15.9,19.6,50.7,207,Skirmisher
playoffs_split1,ALGS Year 4 Split 1 Playoffs,https://apexlegendsstatus.com/algs/Y4-Split1/ALGS-Playoffs/Global/Overview,Y4-Split1,ALGS-Playoffs,Global,Overview,,,https://apexlegendsstatus.com/algs/Y4-Split1/ALGS-Playoffs/Global/Overview,overview,0,legend_meta,Scores,5,Wattson,12.26,10.5,6.6,23.7,18.5,47.6,152,Controller
playoffs_split1,ALGS Year 4 Split 1 Playoffs,https://apexlegendsstatus.com/algs/Y4-Split1/ALGS-Playoffs/Global/Overview,Y4-Split1,ALGS-Playoffs,Global,Overview,,,https://apexlegendsstatus.com/algs/Y4-Split1/ALGS-Playoffs/Global/Overview,overview,0,legend_meta,Scores,3,Caustic,57.82,9.8,5.7,28.5,14.3,51.8,717,Controller
playoffs_split1,ALGS Year 4 Split 1 Playoffs,https://apexlegendsstatus.com/algs/Y4-Split1/ALGS-Playoffs/Global/Overview,Y4-Split1,ALGS-Playoffs,Global,Overview,,,https://apexlegendsstatus.com/algs/Y4-Split1/ALGS-Playoffs/Global/Overview,overview,0,legend_meta,Scores,7,Lifeline,6.37,10.6,2.5,20.3,10.5,51.0,79,Support
playoffs_split1,ALGS Year 4 Split 1 Playoffs,https://apexlegendsstatus.com/algs/Y4-Split1/ALGS-Playoffs/Global/Overview,Y4-Split1,ALGS-Playoffs,Global,Overview,,,https://apexlegendsstatus.com/algs/Y4-Split1/ALGS-Playoffs/Global/Overview,overview,0,legend_meta,Scores,8,Valkyrie,6.21,10.6,0.0,27.3,0.0,39.9,77,Skirmisher
playoffs_split1,ALGS Year 4 Split 1 Playoffs,https://apexlegendsstatus.com/algs/Y4-Split1/ALGS-Playoffs/Global/Overview,Y4-Split1,ALGS-Playoffs,Global,Overview,,,https://apexlegendsstatus.com/algs/Y4-Split1/ALGS-Playoffs/Global/Overview,overview,0,legend_meta,Scores,9,Crypto,4.19,11.0,1.9,13.5,6.3,38.7,52,Recon
playoffs_split1,ALGS Year 4 Split 1 Playoffs,https://apexlegendsstatus.com/algs/Y4-Split1/ALGS-Playoffs/Global/Overview,Y4-Split1,ALGS-Playoffs,Global,Overview,,,https://apexlegendsstatus.com/algs/Y4-Split1/ALGS-Playoffs/Global/Overview,overview,0,legend_meta,Scores,6,Conduit,8.71,12.9,4.6,15.7,20.0,51.3,108,Support
midseason_ewc_split1,ALGS Year 4 Midseason Playoffs / EWC,https://apexlegendsstatus.com/algs/Y4-Split1/EWC/Global/Overview,Y4-Split1,EWC,Global,Overview,,,https://apexlegendsstatus.com/algs/Y4-Split1/EWC/Global/Overview,overview,2,legend_meta,Top 10 Teams,10,Horizon,2.24,12.2,0.0,15.8,0.0,55.0,19,Skirmisher
midseason_ewc_split1,ALGS Year 4 Midseason Playoffs / EWC,https://apexlegendsstatus.com/algs/Y4-Split1/EWC/Global/Overview,Y4-Split1,EWC,Global,Overview,,,https://apexlegendsstatus.com/algs/Y4-Split1/EWC/Global/Overview,overview,2,legend_meta,Top 10 Teams,17,Newcastle,0.12,15.0,0.0,0.0,0.0,14.3,1,Support
midseason_ewc_split1,ALGS Year 4 Midseason Playoffs / EWC,https://apexlegendsstatus.com/algs/Y4-Split1/EWC/Global/Overview,Y4-Split1,EWC,Global,Overview,,,https://apexlegendsstatus.com/algs/Y4-Split1/EWC/Global/Overview,overview,2,legend_meta,Top 10 Teams,16,Valkyrie,0.24,8.5,0.0,0.0,0.0,46.2,2,Skirmisher
midseason_ewc_split1,ALGS Year 4 Midseason Playoffs / EWC,https://apexlegendsstatus.com/algs/Y4-Split1/EWC/Global/Overview,Y4-Split1,EWC,Global,Overview,,,https://apexlegendsstatus.com/algs/Y4-Split1/EWC/Global/Overview,overview,2,legend_meta,Top 10 Teams,15,Revenant,0.35,10.0,0.0,33.3,0.0,54.2,3,Skirmisher
midseason_ewc_split1,ALGS Year 4 Midseason Playoffs / EWC,https://apexlegendsstatus.com/algs/Y4-Split1/EWC/Global/Overview,Y4-Split1,EWC,Global,Overview,,,https://apexlegendsstatus.com/algs/Y4-Split1/EWC/Global/Overview,overview,2,legend_meta,Top 10 Teams,14,Gibraltar,0.59,13.0,0.0,0.0,0.0,38.9,5,Support
midseason_ewc_split1,ALGS Year 4 Midseason Playoffs / EWC,https://apexlegendsstatus.com/algs/Y4-Split1/EWC/Global/Overview,Y4-Split1,EWC,Global,Overview,,,https://apexlegendsstatus.com/algs/Y4-Split1/EWC/Global/Overview,overview,2,legend_meta,Top 10 Teams,12,Wraith,1.06,10.9,0.0,11.1,0.0,53.0,9,Skirmisher
midseason_ewc_split1,ALGS Year 4 Midseason Playoffs / EWC,https://apexlegendsstatus.com/algs/Y4-Split1/EWC/Global/Overview,Y4-Split1,EWC,Global,Overview,,,https://apexlegendsstatus.com/algs/Y4-Split1/EWC/Global/Overview,overview,2,legend_meta,Top 10 Teams,11,Catalyst,1.54,7.0,15.4,61.5,25.0,55.3,13,Controller
midseason_ewc_split1,ALGS Year 4 Midseason Playoffs / EWC,https://apexlegendsstatus.com/algs/Y4-Split1/EWC/Global/Overview,Y4-Split1,EWC,Global,Overview,,,https://apexlegendsstatus.com/algs/Y4-Split1/EWC/Global/Overview,overview,2,legend_meta,Top 10 Teams,9,Dummie,2.36,,0.0,0.0,0.0,,20,Other
midseason_ewc_split1,ALGS Year 4 Midseason Playoffs / EWC,https://apexlegendsstatus.com/algs/Y4-Split1/EWC/Global/Overview,Y4-Split1,EWC,Global,Overview,,,https://apexlegendsstatus.com/algs/Y4-Split1/EWC/Global/Overview,overview,2,legend_meta,Top 10 Teams,13,Conduit,0.94,11.8,0.0,25.0,0.0,58.0,8,Support
midseason_ewc_split1,ALGS Year 4 Midseason Playoffs / EWC,https://apexlegendsstatus.com/algs/Y4-Split1/EWC/Global/Overview,Y4-Split1,EWC,Global,Overview,,,https://apexlegendsstatus.com/algs/Y4-Split1/EWC/Global/Overview,overview,2,legend_meta,Top 10 Teams,7,Bloodhound,10.63,11.9,3.3,16.7,14.3,51.4,90,Recon
midseason_ewc_split1,ALGS Year 4 Midseason Playoffs / EWC,https://apexlegendsstatus.com/algs/Y4-Split1/EWC/Global/Overview,Y4-Split1,EWC,Global,Overview,,,https://apexlegendsstatus.com/algs/Y4-Split1/EWC/Global/Overview,overview,2,legend_meta,Top 10 Teams,6,Crypto,12.52,11.0,2.8,17.9,9.4,45.8,106,Recon
midseason_ewc_split1,ALGS Year 4 Midseason Playoffs / EWC,https://apexlegendsstatus.com/algs/Y4-Split1/EWC/Global/Overview,Y4-Split1,EWC,Global,Overview,,,https://apexlegendsstatus.com/algs/Y4-Split1/EWC/Global/Overview,overview,2,legend_meta,Top 10 Teams,5,Seer,34.02,9.8,7.3,32.3,17.2,53.8,288,Recon
midseason_ewc_split1,ALGS Year 4 Midseason Playoffs / EWC,https://apexlegendsstatus.com/algs/Y4-Split1/EWC/Global/Overview,Y4-Split1,EWC,Global,Overview,,,https://apexlegendsstatus.com/algs/Y4-Split1/EWC/Global/Overview,overview,2,legend_meta,Top 10 Teams,4,Fuse,38.62,10.5,5.8,27.2,15.8,53.1,327,Assault
midseason_ewc_split1,ALGS Year 4 Midseason Playoffs / EWC,https://apexlegendsstatus.com/algs/Y4-Split1/EWC/Global/Overview,Y4-Split1,EWC,Global,Overview,,,https://apexlegendsstatus.com/algs/Y4-Split1/EWC/Global/Overview,overview,2,legend_meta,Top 10 Teams,3,Pathfinder,43.82,10.9,4.0,22.1,12.8,48.8,371,Skirmisher
midseason_ewc_split1,ALGS Year 4 Midseason Playoffs / EWC,https://apexlegendsstatus.com/algs/Y4-Split1/EWC/Global/Overview,Y4-Split1,EWC,Global,Overview,,,https://apexlegendsstatus.com/algs/Y4-Split1/EWC/Global/Overview,overview,2,legend_meta,Top 10 Teams,2,Wattson,48.66,10.2,4.4,24.8,12.0,48.9,412,Controller
midseason_ewc_split1,ALGS Year 4 Midseason Playoffs / EWC,https://apexlegendsstatus.com/algs/Y4-Split1/EWC/Global/Overview,Y4-Split1,EWC,Global,Overview,,,https://apexlegendsstatus.com/algs/Y4-Split1/EWC/Global/Overview,overview,2,legend_meta,Top 10 Teams,1,Bangalore,97.68,10.5,5.1,25.0,14.5,50.7,827,Assault
midseason_ewc_split1,ALGS Year 4 Midseason Playoffs / EWC,https://apexlegendsstatus.com/algs/Y4-Split1/EWC/Global/Overview,Y4-Split1,EWC,Global,Overview,,,https://apexlegendsstatus.com/algs/Y4-Split1/EWC/Global/Overview,overview,2,legend_meta,Top 10 Teams,8,Lifeline,4.61,10.4,7.7,20.5,25.0,51.2,39,Support
playoffs_split2,ALGS Year 4 Split 2 Playoffs,https://apexlegendsstatus.com/algs/Y4-Split2/ALGS-Playoffs/Global/Overview,Y4-Split2,ALGS-Playoffs,Global,Overview,,,https://apexlegendsstatus.com/algs/Y4-Split2/ALGS-Playoffs/Global/Overview,overview,0,legend_meta,Scores,16,Conduit,0.08,14.0,0.0,0.0,0.0,40.0,1,Support
playoffs_split2,ALGS Year 4 Split 2 Playoffs,https://apexlegendsstatus.com/algs/Y4-Split2/ALGS-Playoffs/Global/Overview,Y4-Split2,ALGS-Playoffs,Global,Overview,,,https://apexlegendsstatus.com/algs/Y4-Split2/ALGS-Playoffs/Global/Overview,overview,0,legend_meta,Scores,15,Alter,0.08,9.0,0.0,0.0,0.0,28.6,1,Skirmisher
playoffs_split2,ALGS Year 4 Split 2 Playoffs,https://apexlegendsstatus.com/algs/Y4-Split2/ALGS-Playoffs/Global/Overview,Y4-Split2,ALGS-Playoffs,Global,Overview,,,https://apexlegendsstatus.com/algs/Y4-Split2/ALGS-Playoffs/Global/Overview,overview,0,legend_meta,Scores,14,Bloodhound,0.16,11.0,0.0,0.0,0.0,28.6,2,Recon
playoffs_split2,ALGS Year 4 Split 2 Playoffs,https://apexlegendsstatus.com/algs/Y4-Split2/ALGS-Playoffs/Global/Overview,Y4-Split2,ALGS-Playoffs,Global,Overview,,,https://apexlegendsstatus.com/algs/Y4-Split2/ALGS-Playoffs/Global/Overview,overview,0,legend_meta,Scores,13,Horizon,0.16,14.0,0.0,0.0,0.0,25.0,2,Skirmisher
playoffs_split2,ALGS Year 4 Split 2 Playoffs,https://apexlegendsstatus.com/algs/Y4-Split2/ALGS-Playoffs/Global/Overview,Y4-Split2,ALGS-Playoffs,Global,Overview,,,https://apexlegendsstatus.com/algs/Y4-Split2/ALGS-Playoffs/Global/Overview,overview,0,legend_meta,Scores,12,Caustic,0.47,15.2,0.0,0.0,0.0,30.8,6,Controller
playoffs_split2,ALGS Year 4 Split 2 Playoffs,https://apexlegendsstatus.com/algs/Y4-Split2/ALGS-Playoffs/Global/Overview,Y4-Split2,ALGS-Playoffs,Global,Overview,,,https://apexlegendsstatus.com/algs/Y4-Split2/ALGS-Playoffs/Global/Overview,overview,0,legend_meta,Scores,10,Revenant,1.88,12.3,4.3,8.7,25.0,49.4,24,Skirmisher
playoffs_split2,ALGS Year 4 Split 2 Playoffs,https://apexlegendsstatus.com/algs/Y4-Split2/ALGS-Playoffs/Global/Overview,Y4-Split2,ALGS-Playoffs,Global,Overview,,,https://apexlegendsstatus.com/algs/Y4-Split2/ALGS-Playoffs/Global/Overview,overview,0,legend_meta,Scores,9,Valkyrie,2.27,12.3,0.0,14.3,0.0,35.9,29,Skirmisher
playoffs_split2,ALGS Year 4 Split 2 Playoffs,https://apexlegendsstatus.com/algs/Y4-Split2/ALGS-Playoffs/Global/Overview,Y4-Split2,ALGS-Playoffs,Global,Overview,,,https://apexlegendsstatus.com/algs/Y4-Split2/ALGS-Playoffs/Global/Overview,overview,0,legend_meta,Scores,11,Mad Maggie,0.94,15.4,0.0,0.0,0.0,38.3,12,Assault
playoffs_split2,ALGS Year 4 Split 2 Playoffs,https://apexlegendsstatus.com/algs/Y4-Split2/ALGS-Playoffs/Global/Overview,Y4-Split2,ALGS-Playoffs,Global,Overview,,,https://apexlegendsstatus.com/algs/Y4-Split2/ALGS-Playoffs/Global/Overview,overview,0,legend_meta,Scores,7,Fuse,13.91,10.7,5.7,24.4,16.7,56.1,178,Assault
playoffs_split2,ALGS Year 4 Split 2 Playoffs,https://apexlegendsstatus.com/algs/Y4-Split2/ALGS-Playoffs/Global/Overview,Y4-Split2,ALGS-Playoffs,Global,Overview,,,https://apexlegendsstatus.com/algs/Y4-Split2/ALGS-Playoffs/Global/Overview,overview,0,legend_meta,Scores,6,Catalyst,17.97,9.6,7.5,30.7,17.3,51.6,230,Controller
playoffs_split2,ALGS Year 4 Split 2 Playoffs,https://apexlegendsstatus.com/algs/Y4-Split2/ALGS-Playoffs/Global/Overview,Y4-Split2,ALGS-Playoffs,Global,Overview,,,https://apexlegendsstatus.com/algs/Y4-Split2/ALGS-Playoffs/Global/Overview,overview,0,legend_meta,Scores,5,Pathfinder,19.45,10.8,4.5,22.0,13.8,50.7,249,Skirmisher
playoffs_split2,ALGS Year 4 Split 2 Playoffs,https://apexlegendsstatus.com/algs/Y4-Split2/ALGS-Playoffs/Global/Overview,Y4-Split2,ALGS-Playoffs,Global,Overview,,,https://apexlegendsstatus.com/algs/Y4-Split2/ALGS-Playoffs/Global/Overview,overview,0,legend_meta,Scores,4,Newcastle,38.91,9.6,6.5,30.3,15.6,50.3,498,Support
playoffs_split2,ALGS Year 4 Split 2 Playoffs,https://apexlegendsstatus.com/algs/Y4-Split2/ALGS-Playoffs/Global/Overview,Y4-Split2,ALGS-Playoffs,Global,Overview,,,https://apexlegendsstatus.com/algs/Y4-Split2/ALGS-Playoffs/Global/Overview,overview,0,legend_meta,Scores,3,Wattson,50.86,10.5,4.2,24.8,12.4,48.9,651,Controller
playoffs_split2,ALGS Year 4 Split 2 Playoffs,https://apexlegendsstatus.com/algs/Y4-Split2/ALGS-Playoffs/Global/Overview,Y4-Split2,ALGS-Playoffs,Global,Overview,,,https://apexlegendsstatus.com/algs/Y4-Split2/ALGS-Playoffs/Global/Overview,overview,0,legend_meta,Scores,2,Crypto,71.48,10.9,4.2,22.7,13.3,50.7,915,Recon
playoffs_split2,ALGS Year 4 Split 2 Playoffs,https://apexlegendsstatus.com/algs/Y4-Split2/ALGS-Playoffs/Global/Overview,Y4-Split2,ALGS-Playoffs,Global,Overview,,,https://apexlegendsstatus.com/algs/Y4-Split2/ALGS-Playoffs/Global/Overview,overview,0,legend_meta,Scores,1,Bangalore,79.06,10.5,5.2,25.4,14.7,51.6,1012,Assault
playoffs_split2,ALGS Year 4 Split 2 Playoffs,https://apexlegendsstatus.com/algs/Y4-Split2/ALGS-Playoffs/Global/Overview,Y4-Split2,ALGS-Playoffs,Global,Overview,,,https://apexlegendsstatus.com/algs/Y4-Split2/ALGS-Playoffs/Global/Overview,overview,0,legend_meta,Scores,8,Wraith,2.34,9.7,3.3,26.7,8.3,48.1,30,Skirmisher
championship_split2,ALGS Year 4 Championship,https://apexlegendsstatus.com/algs/Y4-Split2/ALGS-Championships/Global/Overview,Y4-Split2,ALGS-Championships,Global,Overview,,,https://apexlegendsstatus.com/algs/Y4-Split2/ALGS-Championships/Global/Overview,overview,0,legend_meta,Scores,11,Wattson,0.14,11.5,0.0,0.0,0.0,40.0,2,Controller
championship_split2,ALGS Year 4 Championship,https://apexlegendsstatus.com/algs/Y4-Split2/ALGS-Championships/Global/Overview,Y4-Split2,ALGS-Championships,Global,Overview,,,https://apexlegendsstatus.com/algs/Y4-Split2/ALGS-Championships/Global/Overview,overview,0,legend_meta,Scores,10,Bangalore,0.29,14.0,0.0,0.0,0.0,51.7,4,Assault
championship_split2,ALGS Year 4 Championship,https://apexlegendsstatus.com/algs/Y4-Split2/ALGS-Championships/Global/Overview,Y4-Split2,ALGS-Championships,Global,Overview,,,https://apexlegendsstatus.com/algs/Y4-Split2/ALGS-Championships/Global/Overview,overview,0,legend_meta,Scores,9,Caustic,0.43,13.8,0.0,16.7,0.0,56.9,6,Controller
championship_split2,ALGS Year 4 Championship,https://apexlegendsstatus.com/algs/Y4-Split2/ALGS-Championships/Global/Overview,Y4-Split2,ALGS-Championships,Global,Overview,,,https://apexlegendsstatus.com/algs/Y4-Split2/ALGS-Championships/Global/Overview,overview,0,legend_meta,Scores,8,Mad Maggie,0.51,14.9,0.0,0.0,0.0,26.7,7,Assault
championship_split2,ALGS Year 4 Championship,https://apexlegendsstatus.com/algs/Y4-Split2/ALGS-Championships/Global/Overview,Y4-Split2,ALGS-Championships,Global,Overview,,,https://apexlegendsstatus.com/algs/Y4-Split2/ALGS-Championships/Global/Overview,overview,0,legend_meta,Scores,7,Mirage,2.68,8.5,10.8,37.8,22.2,52.1,37,Support
championship_split2,ALGS Year 4 Championship,https://apexlegendsstatus.com/algs/Y4-Split2/ALGS-Championships/Global/Overview,Y4-Split2,ALGS-Championships,Global,Overview,,,https://apexlegendsstatus.com/algs/Y4-Split2/ALGS-Championships/Global/Overview,overview,0,legend_meta,Scores,3,Rampart,69.42,10.8,4.6,23.5,14.0,50.8,958,Controller
championship_split2,ALGS Year 4 Championship,https://apexlegendsstatus.com/algs/Y4-Split2/ALGS-Championships/Global/Overview,Y4-Split2,ALGS-Championships,Global,Overview,,,https://apexlegendsstatus.com/algs/Y4-Split2/ALGS-Championships/Global/Overview,overview,0,legend_meta,Scores,5,Valkyrie,10.29,9.5,4.2,33.8,9.7,51.8,142,Skirmisher
championship_split2,ALGS Year 4 Championship,https://apexlegendsstatus.com/algs/Y4-Split2/ALGS-Championships/Global/Overview,Y4-Split2,ALGS-Championships,Global,Overview,,,https://apexlegendsstatus.com/algs/Y4-Split2/ALGS-Championships/Global/Overview,overview,0,legend_meta,Scores,4,Catalyst,16.38,9.9,6.6,24.8,17.6,52.2,226,Controller
championship_split2,ALGS Year 4 Championship,https://apexlegendsstatus.com/algs/Y4-Split2/ALGS-Championships/Global/Overview,Y4-Split2,ALGS-Championships,Global,Overview,,,https://apexlegendsstatus.com/algs/Y4-Split2/ALGS-Championships/Global/Overview,overview,0,legend_meta,Scores,2,Newcastle,95.8,10.5,5.1,25.3,14.6,51.0,1322,Support
championship_split2,ALGS Year 4 Championship,https://apexlegendsstatus.com/algs/Y4-Split2/ALGS-Championships/Global/Overview,Y4-Split2,ALGS-Championships,Global,Overview,,,https://apexlegendsstatus.com/algs/Y4-Split2/ALGS-Championships/Global/Overview,overview,0,legend_meta,Scores,1,Gibraltar,99.78,10.5,5.0,25.1,14.3,51.1,1377,Support
championship_split2,ALGS Year 4 Championship,https://apexlegendsstatus.com/algs/Y4-Split2/ALGS-Championships/Global/Overview,Y4-Split2,ALGS-Championships,Global,Overview,,,https://apexlegendsstatus.com/algs/Y4-Split2/ALGS-Championships/Global/Overview,overview,0,legend_meta,Scores,12,Horizon,0.14,13.5,0.0,0.0,0.0,27.3,2,Skirmisher
championship_split2,ALGS Year 4 Championship,https://apexlegendsstatus.com/algs/Y4-Split2/ALGS-Championships/Global/Overview,Y4-Split2,ALGS-Championships,Global,Overview,,,https://apexlegendsstatus.com/algs/Y4-Split2/ALGS-Championships/Global/Overview,overview,0,legend_meta,Scores,6,Loba,4.06,10.7,1.8,19.6,5.9,54.1,56,Support
championship_split2,ALGS Year 4 Championship,https://apexlegendsstatus.com/algs/Y4-Split2/ALGS-Championships/Global/Overview,Y4-Split2,ALGS-Championships,Global,Overview,,,https://apexlegendsstatus.com/algs/Y4-Split2/ALGS-Championships/Global/Overview,overview,0,legend_meta,Scores,13,Seer,0.07,7.0,0.0,0.0,0.0,62.5,1,Recon
