event_slug,game_id,score_kills,score_total_points,stat_kills,deaths,knocks,times_knocked,revives,respawns,ring_damage,br_baseline_kills,score_kills_above_baseline,deaths_above_60
playoffs_split1,20c45f5244b387cf57826093aaca141b,56,110,56,59,65,64,5,2,3924,57,-1,-1
playoffs_split1,49e5286ae3f0eeeb1ec3ab426a97843b,60,114,60,64,77,75,12,7,4567,57,3,4
playoffs_split1,44e0ccf0faa2d8cfc8e535f43eba6878,57,111,57,58,69,67,11,1,1121,57,0,-2
playoffs_split1,426f720c317b62fd1dfbbd1658f874ba,59,113,59,64,71,72,7,7,2806,57,2,4
playoffs_split1,404c273255fa25c5cc8b5c4ec2a77613,56,110,56,60,71,69,10,3,2226,57,-1,0
playoffs_split1,3a6d0ba8b38b77226d0dbb3fd423defb,53,107,53,59,66,64,5,2,2477,57,-4,-1
playoffs_split1,34500799285bff8675912db8a4f4d765,56,110,56,58,70,67,12,1,4751,57,-1,-2
playoffs_split1,32491f22131a367c62a0c727704cbc85,53,107,53,58,62,62,4,1,2879,57,-4,-2
playoffs_split1,2ea712db3c1833549c763a81af5c0ac1,56,110,56,59,63,64,6,1,3234,57,-1,-1
playoffs_split1,2e68347dda46910685df17425d3da15e,57,111,57,61,70,67,7,4,3986,57,0,1
playoffs_split1,2cb28ec726a4db13e5cb3df238b70a07,54,108,54,60,70,67,10,3,1869,57,-3,0
playoffs_split1,26a5f497a2ee98fd785bbbf56c43189d,54,108,54,59,66,65,6,2,2107,57,-3,-1
playoffs_split1,257081c63b3e968ca1f53b68084d7b45,59,113,59,62,74,69,12,5,2513,57,2,2
playoffs_split1,23716f9c78f60d5c0ffaa7efb4b7bb98,54,108,54,60,72,69,12,3,4629,57,-3,0
playoffs_split1,22883cfb52f91821259ccb142baa4e77,58,112,58,63,70,70,8,6,3083,57,1,3
playoffs_split1,21c427a9a350639009e1df3e7c40857a,55,109,55,59,70,68,10,2,1492,57,-2,-1
playoffs_split1,ee55457bbf0e1e207fd7d9f865cb3719,54,108,54,58,71,69,11,1,1734,57,-3,-2
playoffs_split1,1a5775973410d10dcb1b65ff91dde6d6,55,109,55,58,71,68,12,1,1904,57,-2,-2
playoffs_split1,1768492f6177178c0f820513b8400e77,59,113,59,59,64,63,4,2,3681,57,2,-1
playoffs_split1,15b89b400bd62d758a262916a77aca5d,58,112,58,60,73,69,11,3,2909,57,1,0
playoffs_split1,0ef3ec6319ef6e1561feb7096c2f5bef,55,109,55,58,64,62,6,1,2253,57,-2,-2
playoffs_split1,0b2808f46ef192416601f7b0bb3b5123,56,110,56,58,69,67,10,1,2305,57,-1,-2
playoffs_split1,070ed66d538a0c27ab124da0cb3652f6,60,114,60,62,69,68,6,4,3994,57,3,2
playoffs_split1,dd70e5d4edcdf4ff052b44a3923199a3,57,111,57,60,65,65,5,3,4224,57,0,0
playoffs_split1,f1c203a2292263e20293bd288202b5b3,59,113,59,61,67,66,5,4,1371,57,2,1
playoffs_split1,f1d7a87f3b090b9bec8b408c43bb8214,57,111,57,58,70,68,10,1,3220,57,0,-2
playoffs_split1,f3bda6de85e8aa884bbb1c5c8734ef76,50,104,50,59,64,62,5,2,2415,57,-7,-1
playoffs_split1,f41f2816be64ec813f9b263e19eed905,59,113,59,59,71,70,11,2,3774,57,2,-1
playoffs_split1,52dd387d9d52ec001940a8c175437335,57,111,57,60,67,67,5,3,3086,57,0,0
playoffs_split1,f59a2d3f2ae6f35f5c7ee3d953321c03,52,106,52,58,68,66,10,1,4190,57,-5,-2
playoffs_split1,55179bfa4b2b44f62ce1b324f0e384e5,59,113,59,61,73,69,12,4,2079,57,2,1
playoffs_split1,587ddd6d293203ae16ce44958d7418e7,56,110,56,60,69,66,9,1,2134,57,-1,0
playoffs_split1,d9a4c229b31837cac2033216ba955879,57,111,57,61,66,67,6,4,2118,57,0,1
playoffs_split1,ce828921662811ef1a3b3528c431d08d,59,113,59,65,76,73,12,8,5647,57,2,5
playoffs_split1,cda9394a052bf7225b7e41d935dbd641,57,111,57,62,73,72,12,5,2647,57,0,2
playoffs_split1,cb809251d2cf744346f7fdbd42e4c6df,61,115,61,63,70,68,7,6,1959,57,4,3
playoffs_split1,cb7cc7a3e0ef7a1a7ed051803ba87e58,58,112,58,60,71,69,11,3,3574,57,1,0
playoffs_split1,c7407d2bafe18e142c8b13627e46e0be,61,115,61,61,69,64,8,2,2120,57,4,1
playoffs_split1,bf8884db762499d7b2b60ff61fb32a40,54,108,54,58,65,65,7,1,1370,57,-3,-2
playoffs_split1,bdf1ff30c460fe0b123058cd8aff56c6,53,107,53,57,68,65,10,0,864,57,-4,-3
playoffs_split1,b935e55db3a07cf65f7d62448dacb8a3,56,110,56,59,77,75,18,2,2892,57,-1,-1
playoffs_split1,b67f895a8a68e87842b3dc30860f0d60,54,108,54,58,73,68,13,1,2894,57,-3,-2
playoffs_split1,b62b35ac64339fac0c3884dc11a51a6c,56,110,56,63,70,69,8,6,2822,57,-1,3
playoffs_split1,ad548a579c107555c8a0fe3f750068cd,59,113,59,62,72,70,10,5,3189,57,2,2
playoffs_split1,9ff4d4a2fcf78c6fd85f1e89fbbe74df,55,109,55,59,69,66,10,2,1189,57,-2,-1
playoffs_split1,9def6396d610799f8d5af453dd8aebfc,57,111,57,61,65,65,4,4,4309,57,0,1
playoffs_split1,8aba1f3d51379381c7980ba801f1fee8,54,108,54,58,66,63,8,1,3360,57,-3,-2
playoffs_split1,7a7d5f4217ee69a94ea250b74b0f5777,59,113,59,61,74,72,13,3,2921,57,2,1
playoffs_split1,79329199f08f160ecfc40deb8a5325ab,54,108,54,57,64,63,6,0,3459,57,-3,-3
playoffs_split1,76cb94a8211c3a0d35ae071a73d01144,55,109,55,59,63,62,4,2,1749,57,-2,-1
playoffs_split1,7581a23b2497504afb90fd6780dfd56b,53,107,53,58,63,64,5,1,975,57,-4,-2
playoffs_split1,71ecab877b29514cb78bb0ac13b446a9,58,112,58,59,67,64,8,2,3212,57,1,-1
playoffs_split1,6d211519e7efd27f1e427880786b56ae,59,113,59,60,73,68,13,3,1671,57,2,0
playoffs_split1,6c09947e631313635b38200dd2dee76c,59,113,59,62,74,68,12,5,2555,57,2,2
playoffs_split1,681503e51cdeb07d91036f639b1989ac,56,110,56,58,65,63,8,1,3152,57,-1,-2
playoffs_split1,666f82f8c25fbfa804def75afdf5ab7a,59,113,59,60,73,68,13,3,1514,57,2,0
playoffs_split1,644c8ec78231035b0c41d8a1de9c4a27,61,115,61,62,74,74,12,5,4178,57,4,2
playoffs_split1,60a2696c4d67a5838dce0a6d723f4aca,49,103,49,57,65,64,8,0,3136,57,-8,-3
playoffs_split1,5c807aa118775d3e9d5cda810ac98d5e,55,109,55,61,65,65,4,4,3606,57,-2,1
playoffs_split1,574fac10fc3bc60b78e8333d05933876,58,112,58,59,67,65,8,2,1683,57,1,-1
playoffs_split1,fa55aec6c52b4f25eb47efd5a58a2f6c,60,114,60,61,67,66,5,4,4099,57,3,1
playoffs_split1,e324cc3ff8320c6287c58daba424baea,51,105,51,57,69,66,12,0,3652,57,-6,-3
midseason_ewc_split1,4c1d2235d5e48ebdadfc97dd6beeaeca,57,111,57,59,73,73,12,2,2410,57,0,-1
midseason_ewc_split1,6a50270864307bf3078783013a76b432,57,111,57,59,69,68,9,1,2567,57,0,-1
midseason_ewc_split1,6a621a7e5d3c66e1e9a75d2dc0e85816,58,112,58,63,73,71,10,6,3432,57,1,3
midseason_ewc_split1,7368aa9d33e15a1c8bf26a9941304ebe,57,111,57,59,66,67,6,2,2296,57,0,-1
midseason_ewc_split1,7dfb4bd45895fbff1ec8b825bfde966e,53,107,53,57,68,65,11,0,2849,57,-4,-3
midseason_ewc_split1,88e1e7c1632fe20dc94f1d805b35c5bb,57,111,57,62,69,69,8,5,3141,57,0,2
midseason_ewc_split1,88e4671f52eb8644d274e25a37c92e89,58,112,58,60,66,66,6,3,3423,57,1,0
midseason_ewc_split1,8d256aec30188b3471c0ea64698764e4,54,108,54,59,65,64,6,2,2469,57,-3,-1
midseason_ewc_split1,9947695356b96bc2a4db7c72e763ebf8,55,109,55,60,65,63,5,1,3857,57,-2,0
midseason_ewc_split1,9ba8e8c991c9dc0df80f9d343bf5673c,54,108,54,59,70,69,12,1,3329,57,-3,-1
midseason_ewc_split1,a4d59b0bbf0c6e481c6aa042e8fb1950,54,108,54,59,72,67,13,2,1750,57,-3,-1
midseason_ewc_split1,698bc6a7c5a8a16be8ed706e23469532,59,113,59,60,75,75,15,3,3448,57,2,0
midseason_ewc_split1,a7ce3993da6bb07e144d61f334743af6,54,108,54,58,68,64,10,1,2717,57,-3,-2
midseason_ewc_split1,be3b28e757945ba5172321cb0c5dd1f5,54,108,54,59,65,63,6,2,993,57,-3,-1
midseason_ewc_split1,c375a98726541ba3eabf4d95be5dc7b7,58,112,58,59,66,65,5,2,2297,57,1,-1
midseason_ewc_split1,c9057390ea7a7ae7f04e99d6358b11de,58,112,58,60,72,68,12,3,2770,57,1,0
midseason_ewc_split1,d0ec5c936b1063fc0e1926920430b300,62,116,62,66,79,76,15,9,6308,57,5,6
midseason_ewc_split1,d1d037cc1504745fce7525b6d0a9c6ef,54,108,54,60,68,68,8,3,2054,57,-3,0
midseason_ewc_split1,e02915d37939c8f18ff9c23de4054000,61,115,61,0,71,0,9,0,0,57,4,-60
midseason_ewc_split1,e02915d37939c8f18ff9c23de4054dd2,54,108,54,60,69,67,9,3,3285,57,-3,0
midseason_ewc_split1,e6e4d38d8d7697dbbda00da29753e72f,58,112,58,60,72,71,12,3,2694,57,1,0
midseason_ewc_split1,efbc9b9327466e764caae77279917f9e,56,110,56,58,66,62,8,1,986,57,-1,-2
midseason_ewc_split1,f429788b7cf734e5566f7df313773efc,58,112,58,60,68,65,8,3,3699,57,1,0
midseason_ewc_split1,b5c15efe1aa5d73ecada2d5cd09877b0,55,109,55,59,79,75,20,2,1036,57,-2,-1
midseason_ewc_split1,63f5dae98f4f71d77e656c80dea0ae59,55,109,55,58,62,64,4,1,1230,57,-2,-2
midseason_ewc_split1,a412ac3b0de09d21c6a288720bad95c5,58,112,58,59,73,68,13,2,3019,57,1,-1
midseason_ewc_split1,598b6b3aff951f84cf998a70b2f595c5,56,110,56,60,70,67,10,3,3773,57,-1,0
midseason_ewc_split1,6222816c506ae116d265a92079a71722,55,109,55,62,79,74,15,5,3376,57,-2,2
midseason_ewc_split1,020ce14ab661dfbf2460b1c2022f344f,60,114,60,60,69,68,8,3,3698,57,3,0
midseason_ewc_split1,062103851589fe2d336c803eca804d2b,55,109,55,59,72,71,12,2,1607,57,-2,-1
midseason_ewc_split1,09125579fb033849bb42e2c31cafd1fc,56,110,56,58,67,65,9,1,3194,57,-1,-2
midseason_ewc_split1,092045e0455d0a72d64a8effdb0e8f5c,61,115,61,61,68,66,7,4,1886,57,4,1
midseason_ewc_split1,0a0d4255674cbcb0221f28ff63fb15ed,57,111,57,57,72,70,15,0,2296,57,0,-3
midseason_ewc_split1,1affff70a7c11dc59d72d8fce075405a,58,112,58,59,68,66,9,2,4416,57,1,-1
midseason_ewc_split1,1e5e3ecf2cfe3692fa563ddf4b6fd626,55,109,55,58,73,67,14,1,4905,57,-2,-2
midseason_ewc_split1,06f15898f6f5daf51a82e69683fa7aa1,58,112,58,60,75,72,15,3,3139,57,1,0
midseason_ewc_split1,35e659bf50e8f22d1bc040697117c978,55,109,55,58,69,68,12,0,3769,57,-2,-2
midseason_ewc_split1,37f2277437a21e770c5765d98819e078,57,111,57,62,67,66,6,4,5658,57,0,2
midseason_ewc_split1,3f8153bc005bd1e590b7238f0217fa74,58,112,58,59,61,61,3,1,1125,57,1,-1
midseason_ewc_split1,42656f28617fc0e239cc1248c9d81627,57,111,57,60,77,71,17,3,1856,57,0,0
midseason_ewc_split1,43492be9f54ba00cc2c947a0ea8a1649,56,110,56,60,67,65,7,3,2873,57,-1,0
midseason_ewc_split1,2aa6aee36e26712f48c7389a60a89571,53,107,53,57,59,58,2,0,3177,57,-4,-3
midseason_ewc_split1,518306dba23e30fad1c68e5b8fc96993,59,113,59,62,70,67,7,5,4000,57,2,2
playoffs_split2,986f3a13be407dbcc40920c364a264c6,60,114,60,62,75,74,12,5,2126,57,3,2
playoffs_split2,bbe91322df6dc782231cc645d3964492,57,111,57,62,75,77,11,5,2378,57,0,2
playoffs_split2,bb7acdeef2903fc4b67ad52f2144701b,58,112,58,59,64,61,5,2,2122,57,1,-1
playoffs_split2,b88d16beacd6cd337fd52cecf97f5fe9,59,113,59,61,76,71,14,4,867,57,2,1
playoffs_split2,b5df0cc1f03521b8c2564a71cce0c86a,56,110,56,60,65,65,5,3,2486,57,-1,0
playoffs_split2,b3c848959709aea3195f56387c0305be,62,116,62,67,78,76,11,10,1879,57,5,7
playoffs_split2,a40fb6613ef1063a9479adb3852bca2c,57,111,57,61,75,73,12,4,1631,57,0,1
playoffs_split2,a60e525e9fab7c91c2d45c8035e39f47,58,112,58,59,64,64,5,2,1204,57,1,-1
playoffs_split2,9f1e8b0725d9c2993843addaa4f9c063,51,105,51,58,64,63,6,1,3418,57,-6,-2
playoffs_split2,990603ebc9edc198ba4a2fc250f8e5f8,55,109,55,59,74,71,14,2,1957,57,-2,-1
playoffs_split2,96d9bbc5517920b7b2687901b0fa9aae,57,111,57,61,72,71,11,4,1878,57,0,1
playoffs_split2,bf4cbae94db64a0b6c017e9a39a85b05,59,113,59,60,72,69,12,3,2260,57,2,0
playoffs_split2,b3b35297421630842200bf7e68aaa4b0,57,111,57,61,73,66,12,4,1094,57,0,1
playoffs_split2,bf5e31b88c974a124d635d20f7cb1d5c,61,115,61,63,73,73,10,6,2775,57,4,3
playoffs_split2,f84609efd55ce14512d9c36c26d876f5,57,111,57,63,77,75,12,6,2570,57,0,3
playoffs_split2,c2aa3ef50e53b415701b9ecc1969f26d,60,114,60,62,77,72,15,5,975,57,3,2
playoffs_split2,c4240a1a47a447b0211fe890126be2d8,61,115,61,64,72,68,8,7,2439,57,4,4
playoffs_split2,c923666269b3cec7fa1f450d34db80ff,56,110,56,60,68,66,7,3,2083,57,-1,0
playoffs_split2,cc59dfd797138b087c12247858de9fe4,58,112,58,59,70,68,9,2,1118,57,1,-1
playoffs_split2,d339d70a6632f4cadd8f847510752998,54,108,54,60,64,64,4,3,1484,57,-3,0
playoffs_split2,d8d3e3af42ea6076f99c2f153645a499,61,115,61,62,76,75,14,5,2550,57,4,2
playoffs_split2,f37fe83d56f8474fe379239bd2964815,61,115,61,63,78,74,16,6,2822,57,4,3
playoffs_split2,f36bb9c443f279cc147060bcf6427e96,56,110,56,58,68,67,10,1,1931,57,-1,-2
playoffs_split2,ed7652f7430f69ca0efbdc7e448614cb,56,110,56,59,83,80,23,2,2160,57,-1,-1
playoffs_split2,ec98a2ff483a41af7c7ff633642913ed,57,111,57,64,71,70,8,7,1884,57,0,4
playoffs_split2,e40d569f968e209ca241360f0b56c3d1,54,108,54,59,69,66,10,2,1855,57,-3,-1
playoffs_split2,939c15e589c7a6687d120215835c6a12,61,115,61,64,77,75,13,7,1690,57,4,4
playoffs_split2,df24d0569352e6fc01e7f946858a93c6,59,113,59,63,70,70,7,6,4896,57,2,3
playoffs_split2,c197aa04f143902cc5c6b6a54f964c0a,61,115,61,65,78,76,12,8,2904,57,4,5
playoffs_split2,8e1b900772a23f5acb722434e5693373,60,114,60,61,65,63,4,4,2432,57,3,1
playoffs_split2,01fc49af74473da1609b7569a66e8e66,56,110,56,57,69,65,12,0,1291,57,-1,-3
playoffs_split2,83b1bc1985ec518f9fa7032711c83d5a,60,114,60,65,79,76,13,7,2606,57,3,5
playoffs_split2,05c0ae752bf73ac7c9c25627632cb813,57,111,57,61,67,66,6,4,1273,57,0,1
playoffs_split2,09e9acd966284f9c82e5de8050b0d783,57,111,57,60,71,67,11,3,3728,57,0,0
playoffs_split2,0c3ef259f70dcb9866e35b5b171f3eae,56,110,56,59,70,67,11,2,1365,57,-1,-1
playoffs_split2,0cf62b2688614083d5fbad66a0d3406c,59,113,59,62,72,68,10,5,2046,57,2,2
playoffs_split2,15d3c342772b7cbff858e8069566186b,56,110,56,62,72,70,10,5,1022,57,-1,2
playoffs_split2,16f1993e38e3978c4265c644a16331a6,61,115,61,61,76,73,15,3,1886,57,4,1
playoffs_split2,1764d66cac0d2f34eb4883b70504757d,55,109,55,58,69,69,9,1,1734,57,-2,-2
playoffs_split2,19f54fbfdf5924a92d6922107de344d4,56,110,56,57,66,62,8,0,1815,57,-1,-3
playoffs_split2,26d36b9398e3ad85e5b5fe09e1bf47c9,57,111,57,60,69,66,9,3,1566,57,0,0
playoffs_split2,05542ba24da000e315920fbf9b058717,58,112,58,62,66,65,3,5,1538,57,1,2
playoffs_split2,2d1a672d5ac57f70dc86f1df5c4f1adc,62,116,62,66,75,73,9,9,4599,57,5,6
playoffs_split2,2eb300f0980cead7be55211819be7939,57,111,57,63,78,75,15,6,3075,57,0,3
playoffs_split2,33cabe80da75b2a309a08e3e1fc775c6,55,109,55,59,75,72,16,2,1658,57,-2,-1
playoffs_split2,8b4ceeb5adcfca91a75a8f1b9797be21,62,116,62,64,75,73,10,7,2560,57,5,4
playoffs_split2,34ed3a86afbb32903b7ba7d630d99473,61,115,61,61,70,68,9,4,1280,57,4,1
playoffs_split2,41ee6f522fb17eb8605ce47d4adb8883,59,113,59,62,70,70,9,5,1402,57,2,2
playoffs_split2,43690bdcfda972bc0dacf58dbc86de60,57,111,57,59,74,69,15,2,1696,57,0,-1
playoffs_split2,43690bdcfda972bc0dacf58dbc86de61,53,107,53,0,0,0,12,0,0,57,-4,-60
playoffs_split2,4bfd142fc369e4e7736d3167c9eaea8a,55,109,55,58,66,64,8,1,3087,57,-2,-2
playoffs_split2,4fa747301a8fc06c079f1767bee830f4,60,114,60,62,67,66,5,5,1985,57,3,2
playoffs_split2,584ac0b907c3776a5d469b32ba778be5,55,109,55,58,73,71,14,1,1997,57,-2,-2
playoffs_split2,5bc265e64750021b1831786c74a8a330,63,117,63,65,80,78,15,8,2829,57,6,5
playoffs_split2,5ecc425684c64023c642044dd43b0ab2,57,111,57,61,75,74,12,4,2336,57,0,1
playoffs_split2,7014acc3af308cd9db884d890f93a06d,64,118,64,68,76,76,8,11,2624,57,7,8
playoffs_split2,735d09cf93f9b42a90c6d8965bf4a4fd,57,111,57,62,74,68,12,5,2863,57,0,2
playoffs_split2,7e39274b7b5b27dfb343b11e9fb865da,59,113,59,61,77,76,16,2,2211,57,2,1
playoffs_split2,8122288c0f5c26ad4b73bcdae2d9cd28,55,109,55,58,68,68,8,1,2738,57,-2,-2
playoffs_split2,81754abb0503eb06311a3bbafa25f08d,53,107,53,59,69,67,9,2,1020,57,-4,-1
playoffs_split2,413a41086828b1d5e7e0b2abcb42eed8,54,108,54,59,63,63,4,2,4209,57,-3,-1
playoffs_split2,275e184bc5140025802488077fc1df1e,57,111,57,61,72,70,11,4,2764,57,0,1
playoffs_split2,fd165ca49f1ecc811ccc456c8301d6a9,51,105,51,58,66,66,8,0,2658,57,-6,-2
playoffs_split2,fcd0722e8809f9ec9311870feb1fbbbf,55,109,55,60,68,66,7,3,3684,57,-2,0
championship_split2,46256146833b536d73e017eb78bbeb87,50,104,50,59,79,74,18,2,3698,57,-7,-1
championship_split2,4f457d5a6eb80194675c6f6a06f7eb3b,61,115,61,63,85,80,23,6,4103,57,4,3
championship_split2,51a4959e61c778dc3f2de2c612b89041,56,110,56,59,84,78,24,2,3814,57,-1,-1
championship_split2,5470dd75560021da890cfd3f40012165,59,113,59,63,87,87,23,6,3683,57,2,3
championship_split2,5e95e681bad467845c3c97761c48d45a,58,112,58,60,84,79,24,3,2368,57,1,0
championship_split2,60f62796650afdfd272c61ffab60858b,57,111,57,59,79,75,18,2,2158,57,0,-1
championship_split2,446499e04861f74ce0ca0f816b2a73ab,54,108,54,58,78,72,20,2,2045,57,-3,-2
championship_split2,611faa1c3ade3871fc2e15dc72ab4534,62,116,62,66,79,75,13,9,2431,57,5,6
championship_split2,61930f07ff06819323fecae2ce370745,56,110,56,60,80,76,21,3,2041,57,-1,0
championship_split2,62ba8cb3b750321cb7320742d1e359ba,59,113,59,62,93,92,32,5,5206,57,2,2
championship_split2,67d928da9d66f1f2af210ef45caa532e,54,108,54,61,81,81,20,4,2877,57,-3,1
championship_split2,6d09499ab0504bf733dbb1609efa8122,54,108,54,59,73,72,15,2,1328,57,-3,-1
championship_split2,71c5c8216a099030a4bdd35c4dd554a4,61,115,61,62,78,76,14,5,1528,57,4,2
championship_split2,773304cd834f1add9dd291a56c2425c1,57,111,57,61,82,78,21,4,1437,57,0,1
championship_split2,61836d560fe92404cb8c6deca00a4b50,64,118,64,67,86,82,20,10,7177,57,7,7
championship_split2,77b3a5077b34a60f8af502f9ae04fac8,57,111,57,57,77,75,20,0,3485,57,0,-3
championship_split2,fcb75e159e92046e2da9213407f736ec,56,110,56,65,91,86,25,8,6246,57,-1,5
championship_split2,3efddbcd0312cf67b223d7daa4c8e6fe,59,113,59,60,78,75,18,3,4372,57,2,0
championship_split2,0a8f9e177d1ad8c72a7c9bc35d424b17,63,117,63,66,85,84,23,9,7228,57,6,6
championship_split2,15b3af1b53a1efe9b7de824d0c8359dd,54,108,54,57,69,68,11,0,5194,57,-3,-3
championship_split2,1919ee01dfa7a9f8a0761e31d38abce6,54,108,54,59,84,82,24,2,2297,57,-3,-1
championship_split2,1975b23578215c901869999cc7e191b8,56,110,56,59,78,72,19,2,1355,57,-1,-1
championship_split2,1a8fc6dc5d432072799bdc9461f6f137,56,110,56,59,77,74,17,2,1070,57,-1,-1
championship_split2,1aeaec94906577a0700501eeeeda8dc6,57,111,57,61,78,76,18,4,4843,57,0,1
championship_split2,3f9b82d30a1d6f3c9f31ecdd2722caa6,56,110,56,60,86,80,25,3,6656,57,-1,0
championship_split2,1aef58b6dd370abf463aff49fa2db113,57,111,57,60,87,84,29,3,4501,57,0,0
championship_split2,27846e64ef6b95d939f73daaf24bccc2,59,113,59,60,82,78,22,3,2591,57,2,0
championship_split2,29de396a22d298d1ac338c2beae1c6e9,55,109,55,58,73,72,14,1,1256,57,-2,-2
championship_split2,2fd4662ae572b23186a460ea15433e35,53,107,53,58,76,75,18,1,3012,57,-4,-2
championship_split2,3347a03bc149a736ea39582fffb2d6cc,60,114,60,61,83,76,22,4,3788,57,3,1
championship_split2,38cfd7134ffd6cac722f8712519cd793,51,105,51,58,86,77,28,1,2827,57,-6,-2
championship_split2,3a3ff25c28990c001f263a5211cb3fb6,55,109,55,60,80,77,20,3,3123,57,-2,0
championship_split2,20000762e874f3c64eaa2f3d3adcedc0,60,114,60,63,78,76,15,6,5741,57,3,3
championship_split2,432376b187d37d271022434ba8ce73a8,56,110,56,61,69,68,8,4,1798,57,-1,1
championship_split2,854332f5ab2f326831817ba754a33762,61,115,61,64,77,74,13,7,3118,57,4,4
championship_split2,90b5a3acf39d75b568b3eb5cfcd09b99,62,116,62,62,83,81,21,4,4565,57,5,2
championship_split2,f9f25d09fa3c20d1428b2e2836027bfe,57,111,57,61,78,74,17,4,3917,57,0,1
championship_split2,f2ece1548c01981e6f6179e42f325c32,58,112,58,60,71,69,11,3,3108,57,1,0
championship_split2,f042069dec0efd9f39f85cb8eb97eec7,57,111,57,59,72,71,12,2,3315,57,0,-1
championship_split2,e8aae35f000c3e3afd7896c56b858672,56,110,56,60,78,71,18,3,2445,57,-1,0
championship_split2,e4fa7a344aee5ed7080e9b6b0b34eeb8,54,108,54,60,80,78,19,3,3134,57,-3,0
championship_split2,e45ccacbc95fbc8b55fcdee2830edeef,57,111,57,59,78,75,17,2,4053,57,0,-1
championship_split2,dbfbca8914ff0e128268444bf2f84dae,58,112,58,63,78,76,15,6,3571,57,1,3
championship_split2,d99dff44bcf752b4095a53be15e678b6,59,113,59,64,87,83,24,7,6515,57,2,4
championship_split2,d5a8375044e0f849168cbf3adb30ac2c,58,112,58,62,78,74,14,5,5249,57,1,2
championship_split2,d4d43c27ce745949ce8d2139aac591b5,53,107,53,61,84,80,23,4,3178,57,-4,1
championship_split2,d42ac286adf281ab62665b0f48c0ffc7,61,115,61,67,89,84,23,10,7885,57,4,7
championship_split2,d2baea01ef77003fa80b2e41788a3da8,56,110,56,59,90,84,29,2,3790,57,-1,-1
championship_split2,cf04a9060204c33ddc105bc55d172526,61,115,61,61,75,74,13,4,2436,57,4,1
championship_split2,cb7e29e9533624758bde65cc722f74e1,60,114,60,61,77,75,16,4,2486,57,3,1
championship_split2,c77bea1584c333efde7e6f4024c5f832,61,115,61,63,93,85,30,5,1926,57,4,3
championship_split2,c117cce4ddbdcf72be42b060a12987a7,59,113,59,60,75,72,14,3,1516,57,2,0
championship_split2,bd19433e41355bf44089518248e9eb8f,57,111,57,58,76,73,18,1,2372,57,0,-2
championship_split2,959c495d02d59c002ef327f42171349c,56,110,56,59,76,74,17,2,1662,57,-1,-1
championship_split2,96fbd7f8bccc9607f29ee1295f4506de,58,112,58,64,79,75,15,7,2477,57,1,4
championship_split2,9d93524307ff6fd6e3d05529f33b4e06,56,110,56,61,85,79,24,4,4572,57,-1,1
championship_split2,a08cd3beab5d3843d00dee4b104b6ac9,62,116,62,63,79,78,15,6,5357,57,5,3
championship_split2,a1797ee7bf53ec7d9147ff4c1e2121dc,60,114,60,63,88,84,25,6,3255,57,3,3
championship_split2,a1fc5ffd72964b70d8056428889ead41,58,112,58,61,87,82,26,4,2553,57,1,1
championship_split2,8582606428dd495085b61cdbf172f3e6,51,105,51,57,70,68,12,0,2026,57,-6,-3
championship_split2,a21050c58b165cf5e9c7e69614a61b95,57,111,57,63,73,72,8,6,3137,57,0,3
championship_split2,adb5006f49fc805d9b04014822675150,55,109,55,57,71,66,12,0,1616,57,-2,-3
championship_split2,b0d1bd61596e13b625341ae4311c052d,60,114,60,62,78,73,16,5,2293,57,3,2
championship_split2,b38336b83717d221e7076442b54e616c,62,116,62,66,95,91,30,9,4799,57,5,6
championship_split2,b5c384ad4ce1bf6f6cb254a79b70432d,55,109,55,59,91,89,30,2,3583,57,-2,-1
championship_split2,b703bc14e90a1507dfc358252c499c46,58,112,58,61,96,90,33,4,3853,57,1,1
championship_split2,bc819c38781df5733d5dd2801f710a59,60,114,60,61,74,70,13,3,2615,57,3,1
championship_split2,a63b1ab92f6aa91d94e1b1d2b4e00adc,55,109,55,57,77,69,20,0,4520,57,-2,-3
championship_split2,08aa514feeced6e2700f5f1d30e31930,56,110,56,60,76,74,16,3,4477,57,-1,0
